id,name,belongs_to,main_category,created_at,updated_at,url,국민신문고 통합여부 1:미통합 2:통합,number_of_minwon,latest_minwon_date,조사시간,비고
1,부산,광역시,광역자치단체,01:37.0,01:37.0,,,,,,
2,대구,광역시,광역자치단체,55:20.0,00:57.0,,,,,,
3,인천,광역시,광역자치단체,55:20.0,00:57.0,,,,,,
4,광주,광역시,광역자치단체,55:20.0,00:57.0,,,,,,
5,대전,광역시,광역자치단체,55:20.0,00:57.0,,,,,,
6,울산,광역시,광역자치단체,55:20.0,00:57.0,,,,,,
7,세종,특별자치시,광역자치단체,55:21.0,00:57.0,http://eminwon.sejong.go.kr/emwp/gov/mogaha/ntis/web/emwp/cns/action/EmwpCnslWebAction.do?method=selectCnslWebPage&menu_id=EMWPCnslWebInqL&jndinm=EmwpCnslWebEJB&methodnm=selectCnslWebPage&context=NTIS&bbs_se=301,2,2746,2017.3.29,2020-07-01 13:32:23.464652,
8,경기,도,광역자치단체,55:21.0,00:57.0,,,,,,
9,강원,도,광역자치단체,55:21.0,00:57.0,,,,,,
10,충북,도,광역자치단체,55:21.0,00:57.0,,,,,,
11,충남,도,광역자치단체,55:21.0,00:57.0,,,,,,
12,전북,도,광역자치단체,55:21.0,00:57.0,,,,,,
13,전남,도,광역자치단체,55:21.0,00:57.0,,,,,,
14,경북,도,광역자치단체,55:21.0,00:57.0,,,,,,
15,경남,도,광역자치단체,55:21.0,00:57.0,,,,,,
16,제주,특별자치도,광역자치단체,55:21.0,00:57.0,,,,,,
17,종로구,서울특별시,기초자치단체,55:21.0,00:57.0,http://jongno.eminwon.seoul.kr/emwp/gov/mogaha/ntis/web/emwp/cns/action/EmwpCnslWebAction.do?method=selectCnslWebPage&menu_id=EMWPCnslWebInqL&jndinm=EmwpCnslWebEJB&methodnm=selectCnslWebPage&context=NTIS&bbs_se=301,1,1661,2020.6.28,2020-07-01 11:18:53.442021,
18,중구,서울특별시,기초자치단체,55:21.0,00:57.0,http://junggu.eminwon.seoul.kr/emwp/gov/mogaha/ntis/web/emwp/cns/action/EmwpCnslWebAction.do?method=selectCnslWebPage&menu_id=EMWPCnslWebInqL&jndinm=EmwpCnslWebEJB&methodnm=selectCnslWebPage&context=NTIS&bbs_se=301,1,2077,2020.6.30,2020-07-01 11:18:56.897391,
19,용산구,서울특별시,기초자치단체,55:21.0,00:57.0,http://yongsan.eminwon.seoul.kr/emwp/gov/mogaha/ntis/web/emwp/cns/action/EmwpCnslWebAction.do?method=selectCnslWebPage&menu_id=EMWPCnslWebInqL&jndinm=EmwpCnslWebEJB&methodnm=selectCnslWebPage&context=NTIS&bbs_se=301,1,6311,2020.6.29,2020-07-01 11:19:00.287249,
20,성동구,서울특별시,기초자치단체,55:21.0,00:57.0,http://seongdong.eminwon.seoul.kr/emwp/gov/mogaha/ntis/web/emwp/cns/action/EmwpCnslWebAction.do?method=selectCnslWebPage&menu_id=EMWPCnslWebInqL&jndinm=EmwpCnslWebEJB&methodnm=selectCnslWebPage&context=NTIS&bbs_se=301,1,7926,2020.7.1,2020-07-01 11:19:03.689358,
21,광진구,서울특별시,기초자치단체,55:21.0,00:57.0,http://gwangjin.eminwon.seoul.kr/emwp/gov/mogaha/ntis/web/emwp/cns/action/EmwpCnslWebAction.do?method=selectCnslWebPage&menu_id=EMWPCnslWebInqL&jndinm=EmwpCnslWebEJB&methodnm=selectCnslWebPage&context=NTIS&bbs_se=301,1,1855,2020.6.30,2020-07-01 11:19:06.847420,맥에서 not supported system 알림창 팝업
22,동대문구,서울특별시,기초자치단체,55:21.0,00:57.0,http://ddm.eminwon.seoul.kr/emwp/gov/mogaha/ntis/web/emwp/cns/action/EmwpCnslWebAction.do?method=selectCnslWebPage&menu_id=EMWPCnslWebInqL&jndinm=EmwpCnslWebEJB&methodnm=selectCnslWebPage&context=NTIS&bbs_se=301,1,2790,2020.6.30,2020-07-01 11:19:10.387503,
23,중랑구,서울특별시,기초자치단체,55:21.0,00:57.0,http://jungnang.eminwon.seoul.kr/emwp/gov/mogaha/ntis/web/emwp/cns/action/EmwpCnslWebAction.do?method=selectCnslWebPage&menu_id=EMWPCnslWebInqL&jndinm=EmwpCnslWebEJB&methodnm=selectCnslWebPage&context=NTIS&bbs_se=301,1,2240,2020.7.1,2020-07-01 11:19:13.710431,
24,성북구,서울특별시,기초자치단체,55:21.0,00:57.0,http://seongbuk.eminwon.seoul.kr/emwp/gov/mogaha/ntis/web/emwp/cns/action/EmwpCnslWebAction.do?method=selectCnslWebPage&menu_id=EMWPCnslWebInqL&jndinm=EmwpCnslWebEJB&methodnm=selectCnslWebPage&context=NTIS&bbs_se=301,1,269,2020.6.30,2020-07-01 11:19:16.749349,
25,강북구,서울특별시,기초자치단체,55:21.0,00:57.0,http://gangbuk.eminwon.seoul.kr/emwp/gov/mogaha/ntis/web/emwp/cns/action/EmwpCnslWebAction.do?method=selectCnslWebPage&menu_id=EMWPCnslWebInqL&jndinm=EmwpCnslWebEJB&methodnm=selectCnslWebPage&context=NTIS&bbs_se=301,1,2727,2020.7.1,2020-07-01 11:19:19.977557,
26,도봉구,서울특별시,기초자치단체,55:21.0,00:57.0,http://dobong.eminwon.seoul.kr/emwp/gov/mogaha/ntis/web/emwp/cns/action/EmwpCnslWebAction.do?method=selectCnslWebPage&menu_id=EMWPCnslWebInqL&jndinm=EmwpCnslWebEJB&methodnm=selectCnslWebPage&context=NTIS&bbs_se=301,1,3267,2020.6.30,2020-07-01 11:19:23.120032,
27,노원구,서울특별시,기초자치단체,55:21.0,00:57.0,http://eminwon.nowon.kr/emwp/gov/mogaha/ntis/web/emwp/cns/action/EmwpCnslWebAction.do?method=selectCnslWebPage&menu_id=EMWPCnslWebInqL&jndinm=EmwpCnslWebEJB&methodnm=selectCnslWebPage&context=NTIS&bbs_se=301,1,7977,2020.6.29,2020-07-01 11:19:26.375571,
28,은평구,서울특별시,기초자치단체,55:21.0,00:57.0,http://eunpyeong.eminwon.seoul.kr/emwp/gov/mogaha/ntis/web/emwp/cns/action/EmwpCnslWebAction.do?method=selectCnslWebPage&menu_id=EMWPCnslWebInqL&jndinm=EmwpCnslWebEJB&methodnm=selectCnslWebPage&context=NTIS&bbs_se=301,1,1138,2020.6.23,2020-07-01 11:19:31.716890,
29,서대문구,서울특별시,기초자치단체,55:21.0,00:56.0,http://seodaemun.eminwon.seoul.kr/emwp/gov/mogaha/ntis/web/emwp/cns/action/EmwpCnslWebAction.do?method=selectCnslWebPage&menu_id=EMWPCnslWebInqL&jndinm=EmwpCnslWebEJB&methodnm=selectCnslWebPage&context=NTIS&bbs_se=301,1,116,2020.7.1,2020-07-01 11:19:36.180318,
30,마포구,서울특별시,기초자치단체,55:21.0,00:56.0,http://eminwon.mapo.go.kr/emwp/gov/mogaha/ntis/web/emwp/cns/action/EmwpCnslWebAction.do?method=selectCnslWebPage&menu_id=EMWPCnslWebInqL&jndinm=EmwpCnslWebEJB&methodnm=selectCnslWebPage&context=NTIS&bbs_se=301,1,7593,2020.6.30,2020-07-01 11:19:39.476521,
31,양천구,서울특별시,기초자치단체,55:21.0,00:56.0,http://eminwon.yangcheon.go.kr/emwp/gov/mogaha/ntis/web/emwp/cns/action/EmwpCnslWebAction.do?method=selectCnslWebPage&menu_id=EMWPCnslWebInqL&jndinm=EmwpCnslWebEJB&methodnm=selectCnslWebPage&context=NTIS&bbs_se=301,1,5003,2020.6.30,2020-07-01 11:19:42.931081,
32,강서구,서울특별시,기초자치단체,55:21.0,00:56.0,http://eminwon.gangseo.seoul.kr/emwp/gov/mogaha/ntis/web/emwp/cns/action/EmwpCnslWebAction.do?method=selectCnslWebPage&menu_id=EMWPCnslWebInqL&jndinm=EmwpCnslWebEJB&methodnm=selectCnslWebPage&context=NTIS&bbs_se=301,1,5737,2020.7.1,2020-07-01 11:19:47.575666,
33,구로구,서울특별시,기초자치단체,55:21.0,00:56.0,http://eminwon.guro.go.kr/emwp/gov/mogaha/ntis/web/emwp/cns/action/EmwpCnslWebAction.do?method=selectCnslWebPage&menu_id=EMWPCnslWebInqL&jndinm=EmwpCnslWebEJB&methodnm=selectCnslWebPage&context=NTIS&bbs_se=301,1,5164,2020.6.29,2020-07-01 11:19:51.946131,
34,금천구,서울특별시,기초자치단체,55:21.0,00:56.0,http://eminwon.geumcheon.go.kr/emwp/gov/mogaha/ntis/web/emwp/cns/action/EmwpCnslWebAction.do?method=selectCnslWebPage&menu_id=EMWPCnslWebInqL&jndinm=EmwpCnslWebEJB&methodnm=selectCnslWebPage&context=NTIS&bbs_se=301,1,2625,2020.6.30,2020-07-01 11:19:56.559298,
35,영등포구,서울특별시,기초자치단체,55:21.0,00:56.0,http://yeongdeungpo.eminwon.seoul.kr/emwp/gov/mogaha/ntis/web/emwp/cns/action/EmwpCnslWebAction.do?method=selectCnslWebPage&menu_id=EMWPCnslWebInqL&jndinm=EmwpCnslWebEJB&methodnm=selectCnslWebPage&context=NTIS&bbs_se=301,1,4886,2020.6.26,2020-07-01 11:19:59.898764,
36,동작구,서울특별시,기초자치단체,55:21.0,00:56.0,http://dongjak.eminwon.seoul.kr/emwp/gov/mogaha/ntis/web/emwp/cns/action/EmwpCnslWebAction.do?method=selectCnslWebPage&menu_id=EMWPCnslWebInqL&jndinm=EmwpCnslWebEJB&methodnm=selectCnslWebPage&context=NTIS&bbs_se=301,1,2089,2020.6.30,2020-07-01 11:20:03.086104,
37,관악구,서울특별시,기초자치단체,55:21.0,00:56.0,http://gwanakgu.eminwon.seoul.kr/emwp/gov/mogaha/ntis/web/emwp/cns/action/EmwpCnslWebAction.do?method=selectCnslWebPage&menu_id=EMWPCnslWebInqL&jndinm=EmwpCnslWebEJB&methodnm=selectCnslWebPage&context=NTIS&bbs_se=301,1,1421,2020.6.29,2020-07-01 11:20:07.078365,
38,서초구,서울특별시,기초자치단체,55:21.0,00:56.0,http://seocho.eminwon.seoul.kr/emwp/gov/mogaha/ntis/web/emwp/cns/action/EmwpCnslWebAction.do?method=selectCnslWebPage&menu_id=EMWPCnslWebInqL&jndinm=EmwpCnslWebEJB&methodnm=selectCnslWebPage&context=NTIS&bbs_se=301,1,2750,2020.7.1,2020-07-01 11:20:10.709219,
39,강남구,서울특별시,기초자치단체,55:21.0,00:56.0,http://gangnam.eminwon.seoul.kr/emwp/gov/mogaha/ntis/web/emwp/cns/action/EmwpCnslWebAction.do?method=selectCnslWebPage&menu_id=EMWPCnslWebInqL&jndinm=EmwpCnslWebEJB&methodnm=selectCnslWebPage&context=NTIS&bbs_se=301,1,7926,2020.7.1,2020-07-01 11:20:17.858830,
40,송파구,서울특별시,기초자치단체,55:21.0,00:56.0,http://songpa.eminwon.seoul.kr/emwp/gov/mogaha/ntis/web/emwp/cns/action/EmwpCnslWebAction.do?method=selectCnslWebPage&menu_id=EMWPCnslWebInqL&jndinm=EmwpCnslWebEJB&methodnm=selectCnslWebPage&context=NTIS&bbs_se=301,1,2146,2020.4.1,2020-07-01 11:20:24.067904,
41,강동구,서울특별시,기초자치단체,55:21.0,00:56.0,http://eminwon.gangdong.go.kr/emwp/gov/mogaha/ntis/web/emwp/cns/action/EmwpCnslWebAction.do?method=selectCnslWebPage&menu_id=EMWPCnslWebInqL&jndinm=EmwpCnslWebEJB&methodnm=selectCnslWebPage&context=NTIS&bbs_se=301,1,7454,2020.6.30,2020-07-01 11:20:27.820961,
42,중구,부산광역시,기초자치단체,55:21.0,00:56.0,http://eminwon.bsjunggu.go.kr/emwp/gov/mogaha/ntis/web/emwp/cns/action/EmwpCnslWebAction.do?method=selectCnslWebPage&menu_id=EMWPCnslWebInqL&jndinm=EmwpCnslWebEJB&methodnm=selectCnslWebPage&context=NTIS&bbs_se=301,1,2804,2020.6.26,2020-07-01 11:20:32.946882,
43,서구,부산광역시,기초자치단체,55:21.0,00:56.0,http://eminwon.bsseogu.go.kr/emwp/gov/mogaha/ntis/web/emwp/cns/action/EmwpCnslWebAction.do?method=selectCnslWebPage&menu_id=EMWPCnslWebInqL&jndinm=EmwpCnslWebEJB&methodnm=selectCnslWebPage&context=NTIS&bbs_se=301,1,1914,2020.6.30,2020-07-01 11:20:37.378331,
44,동구,부산광역시,기초자치단체,55:21.0,00:56.0,http://eminwon.bsdonggu.go.kr/emwp/gov/mogaha/ntis/web/emwp/cns/action/EmwpCnslWebAction.do?method=selectCnslWebPage&menu_id=EMWPCnslWebInqL&jndinm=EmwpCnslWebEJB&methodnm=selectCnslWebPage&context=NTIS&bbs_se=301,1,5555,2020.6.29,2020-07-01 11:20:41.939296,
45,영도구,부산광역시,기초자치단체,55:22.0,00:56.0,http://eminwon.yeongdo.go.kr/emwp/gov/mogaha/ntis/web/emwp/cns/action/EmwpCnslWebAction.do?method=selectCnslWebPage&menu_id=EMWPCnslWebInqL&jndinm=EmwpCnslWebEJB&methodnm=selectCnslWebPage&context=NTIS&bbs_se=301,1,3906,2020.7.1,2020-07-01 11:20:46.016870,
46,부산진구,부산광역시,기초자치단체,55:22.0,00:56.0,http://eminwon.busanjin.go.kr/emwp/gov/mogaha/ntis/web/emwp/cns/action/EmwpCnslWebAction.do?method=selectCnslWebPage&menu_id=EMWPCnslWebInqL&jndinm=EmwpCnslWebEJB&methodnm=selectCnslWebPage&context=NTIS&bbs_se=301,1,9264,2020.6.30,2020-07-01 11:20:52.879330,
47,동래구,부산광역시,기초자치단체,55:22.0,00:56.0,http://eminwon.dongnae.go.kr/emwp/gov/mogaha/ntis/web/emwp/cns/action/EmwpCnslWebAction.do?method=selectCnslWebPage&menu_id=EMWPCnslWebInqL&jndinm=EmwpCnslWebEJB&methodnm=selectCnslWebPage&context=NTIS&bbs_se=301,1,5427,2020.6.30,2020-07-01 11:20:59.094562,
48,남구,부산광역시,기초자치단체,55:22.0,00:56.0,http://eminwon.bsnamgu.go.kr/emwp/gov/mogaha/ntis/web/emwp/cns/action/EmwpCnslWebAction.do?method=selectCnslWebPage&menu_id=EMWPCnslWebInqL&jndinm=EmwpCnslWebEJB&methodnm=selectCnslWebPage&context=NTIS&bbs_se=301,1,6136,2020.7.1,2020-07-01 11:21:04.025896,
49,북구,부산광역시,기초자치단체,55:22.0,00:56.0,http://eminwon.bsbukgu.go.kr/emwp/gov/mogaha/ntis/web/emwp/cns/action/EmwpCnslWebAction.do?method=selectCnslWebPage&menu_id=EMWPCnslWebInqL&jndinm=EmwpCnslWebEJB&methodnm=selectCnslWebPage&context=NTIS&bbs_se=301,1,2220,2020.6.30,2020-07-01 11:21:08.304235,
50,해운대구,부산광역시,기초자치단체,55:22.0,00:56.0,http://eminwon.haeundae.go.kr/emwp/gov/mogaha/ntis/web/emwp/cns/action/EmwpCnslWebAction.do?method=selectCnslWebPage&menu_id=EMWPCnslWebInqL&jndinm=EmwpCnslWebEJB&methodnm=selectCnslWebPage&context=NTIS&bbs_se=301,1,9177,2020.7.1,2020-07-01 11:21:15.162109,
51,사하구,부산광역시,기초자치단체,55:22.0,00:56.0,http://eminwon.saha.go.kr/emwp/gov/mogaha/ntis/web/emwp/cns/action/EmwpCnslWebAction.do?method=selectCnslWebPage&menu_id=EMWPCnslWebInqL&jndinm=EmwpCnslWebEJB&methodnm=selectCnslWebPage&context=NTIS&bbs_se=301,1,11407,2020.7.1,2020-07-01 11:21:24.530282,
52,금정구,부산광역시,기초자치단체,55:22.0,00:56.0,http://eminwon.geumjeong.go.kr/emwp/gov/mogaha/ntis/web/emwp/cns/action/EmwpCnslWebAction.do?method=selectCnslWebPage&menu_id=EMWPCnslWebInqL&jndinm=EmwpCnslWebEJB&methodnm=selectCnslWebPage&context=NTIS&bbs_se=301,1,3913,2020.6.30,2020-07-01 11:21:29.014104,
53,강서구,부산광역시,기초자치단체,55:22.0,00:56.0,http://eminwon.bsgangseo.go.kr/emwp/gov/mogaha/ntis/web/emwp/cns/action/EmwpCnslWebAction.do?method=selectCnslWebPage&menu_id=EMWPCnslWebInqL&jndinm=EmwpCnslWebEJB&methodnm=selectCnslWebPage&context=NTIS&bbs_se=301,1,4035,2020.6.30,2020-07-01 11:21:33.964705,
54,연제구,부산광역시,기초자치단체,55:22.0,00:56.0,http://eminwon.yeonje.go.kr/emwp/gov/mogaha/ntis/web/emwp/cns/action/EmwpCnslWebAction.do?method=selectCnslWebPage&menu_id=EMWPCnslWebInqL&jndinm=EmwpCnslWebEJB&methodnm=selectCnslWebPage&context=NTIS&bbs_se=301,1,5272,2020.6.30,2020-07-01 11:21:40.777214,
55,수영구,부산광역시,기초자치단체,55:22.0,00:56.0,http://eminwon.suyeong.go.kr/emwp/gov/mogaha/ntis/web/emwp/cns/action/EmwpCnslWebAction.do?method=selectCnslWebPage&menu_id=EMWPCnslWebInqL&jndinm=EmwpCnslWebEJB&methodnm=selectCnslWebPage&context=NTIS&bbs_se=301,1,4381,2020.6.30,2020-07-01 11:21:44.206971,
56,사상구,부산광역시,기초자치단체,55:22.0,00:56.0,http://eminwon.sasang.go.kr/emwp/gov/mogaha/ntis/web/emwp/cns/action/EmwpCnslWebAction.do?method=selectCnslWebPage&menu_id=EMWPCnslWebInqL&jndinm=EmwpCnslWebEJB&methodnm=selectCnslWebPage&context=NTIS&bbs_se=301,1,5358,2020.6.27,2020-07-01 11:21:48.953151,
57,기장군,부산광역시,기초자치단체,55:22.0,00:56.0,http://eminwon.gijang.go.kr/emwp/gov/mogaha/ntis/web/emwp/cns/action/EmwpCnslWebAction.do?method=selectCnslWebPage&menu_id=EMWPCnslWebInqL&jndinm=EmwpCnslWebEJB&methodnm=selectCnslWebPage&context=NTIS&bbs_se=301,1,7209,2020.7.1,2020-07-01 11:21:55.409963,
58,중구,대구광역시,기초자치단체,55:22.0,00:56.0,http://eminwon.jung.daegu.kr/emwp/gov/mogaha/ntis/web/emwp/cns/action/EmwpCnslWebAction.do?method=selectCnslWebPage&menu_id=EMWPCnslWebInqL&jndinm=EmwpCnslWebEJB&methodnm=selectCnslWebPage&context=NTIS&bbs_se=301,1,2581,2020.7.1,2020-07-01 11:22:00.025055,
59,동구,대구광역시,기초자치단체,55:22.0,00:56.0,http://eminwon.dong.daegu.kr/emwp/gov/mogaha/ntis/web/emwp/cns/action/EmwpCnslWebAction.do?method=selectCnslWebPage&menu_id=EMWPCnslWebInqL&jndinm=EmwpCnslWebEJB&methodnm=selectCnslWebPage&context=NTIS&bbs_se=301,1,4520,2020.7.1,2020-07-01 11:22:06.358545,
60,서구,대구광역시,기초자치단체,55:22.0,00:56.0,http://eminwon.dgs.go.kr/emwp/gov/mogaha/ntis/web/emwp/cns/action/EmwpCnslWebAction.do?method=selectCnslWebPage&menu_id=EMWPCnslWebInqL&jndinm=EmwpCnslWebEJB&methodnm=selectCnslWebPage&context=NTIS&bbs_se=301,1,2422,2020.7.1,2020-07-01 11:22:11.685999,
61,남구,대구광역시,기초자치단체,55:22.0,00:56.0,http://eminwon.nam.daegu.kr/emwp/gov/mogaha/ntis/web/emwp/cns/action/EmwpCnslWebAction.do?method=selectCnslWebPage&menu_id=EMWPCnslWebInqL&jndinm=EmwpCnslWebEJB&methodnm=selectCnslWebPage&context=NTIS&bbs_se=301,1,1774,2020.6.30,2020-07-01 11:22:15.714025,
62,북구,대구광역시,기초자치단체,55:22.0,00:56.0,http://eminwon.buk.daegu.kr/emwp/gov/mogaha/ntis/web/emwp/cns/action/EmwpCnslWebAction.do?method=selectCnslWebPage&menu_id=EMWPCnslWebInqL&jndinm=EmwpCnslWebEJB&methodnm=selectCnslWebPage&context=NTIS&bbs_se=301,1,7663,2020.7.1,2020-07-01 11:22:20.296656,
63,수성구,대구광역시,기초자치단체,55:22.0,00:56.0,http://eminwon.suseong.kr/emwp/gov/mogaha/ntis/web/emwp/cns/action/EmwpCnslWebAction.do?method=selectCnslWebPage&menu_id=EMWPCnslWebInqL&jndinm=EmwpCnslWebEJB&methodnm=selectCnslWebPage&context=NTIS&bbs_se=301,1,6481,2020.6.27,2020-07-01 11:22:25.916211,
64,달서구,대구광역시,기초자치단체,55:22.0,00:56.0,http://eminwon.dalseo.daegu.kr/emwp/gov/mogaha/ntis/web/emwp/cns/action/EmwpCnslWebAction.do?method=selectCnslWebPage&menu_id=EMWPCnslWebInqL&jndinm=EmwpCnslWebEJB&methodnm=selectCnslWebPage&context=NTIS&bbs_se=301,1,8087,2020.7.1,2020-07-01 11:22:32.045939,
65,달성군,대구광역시,기초자치단체,55:22.0,00:56.0,http://eminwon.dalseong.daegu.kr/emwp/gov/mogaha/ntis/web/emwp/cns/action/EmwpCnslWebAction.do?method=selectCnslWebPage&menu_id=EMWPCnslWebInqL&jndinm=EmwpCnslWebEJB&methodnm=selectCnslWebPage&context=NTIS&bbs_se=301,1,5127,2020.7.1,2020-07-01 11:22:39.045043,
66,중구,인천광역시,기초자치단체,55:22.0,00:55.0,http://eminwon.icjg.go.kr/emwp/gov/mogaha/ntis/web/emwp/cns/action/EmwpCnslWebAction.do?method=selectCnslWebPage&menu_id=EMWPCnslWebInqL&jndinm=EmwpCnslWebEJB&methodnm=selectCnslWebPage&context=NTIS&bbs_se=301,1,2202,2020.7.1,2020-07-01 11:22:43.553051,
67,동구,인천광역시,기초자치단체,55:22.0,00:55.0,http://eminwon.icdonggu.go.kr/emwp/gov/mogaha/ntis/web/emwp/cns/action/EmwpCnslWebAction.do?method=selectCnslWebPage&menu_id=EMWPCnslWebInqL&jndinm=EmwpCnslWebEJB&methodnm=selectCnslWebPage&context=NTIS&bbs_se=301,1,2092,2020.6.27,2020-07-01 11:22:47.211886,
68,남구,인천광역시,기초자치단체,55:22.0,00:55.0,http://eminwon.michu.incheon.kr/emwp/gov/mogaha/ntis/web/emwp/cns/action/EmwpCnslWebAction.do?method=selectCnslWebPage&menu_id=EMWPCnslWebInqL&jndinm=EmwpCnslWebEJB&methodnm=selectCnslWebPage&context=NTIS&bbs_se=301,1,5634,2020.6.30,2020-07-01 11:22:52.428993,
69,연수구,인천광역시,기초자치단체,55:22.0,00:55.0,http://eminwon.yeonsu.go.kr/emwp/gov/mogaha/ntis/web/emwp/cns/action/EmwpCnslWebAction.do?method=selectCnslWebPage&menu_id=EMWPCnslWebInqL&jndinm=EmwpCnslWebEJB&methodnm=selectCnslWebPage&context=NTIS&bbs_se=301,1,602,2020.6.30,2020-07-01 11:22:59.320668,
70,남동구,인천광역시,기초자치단체,55:22.0,00:55.0,http://eminwon.namdong.go.kr/emwp/gov/mogaha/ntis/web/emwp/cns/action/EmwpCnslWebAction.do?method=selectCnslWebPage&menu_id=EMWPCnslWebInqL&jndinm=EmwpCnslWebEJB&methodnm=selectCnslWebPage&context=NTIS&bbs_se=301,2,16274,2017.3.28,2020-07-01 11:23:03.814347,
71,부평구,인천광역시,기초자치단체,55:22.0,00:55.0,http://eminwon.icbp.go.kr/emwp/gov/mogaha/ntis/web/emwp/cns/action/EmwpCnslWebAction.do?method=selectCnslWebPage&menu_id=EMWPCnslWebInqL&jndinm=EmwpCnslWebEJB&methodnm=selectCnslWebPage&context=NTIS&bbs_se=301,1,18291,2020.7.1,2020-07-01 11:23:10.236264,
72,계양구,인천광역시,기초자치단체,55:22.0,00:55.0,http://eminwon.gyeyang.go.kr/emwp/gov/mogaha/ntis/web/emwp/cns/action/EmwpCnslWebAction.do?method=selectCnslWebPage&menu_id=EMWPCnslWebInqL&jndinm=EmwpCnslWebEJB&methodnm=selectCnslWebPage&context=NTIS&bbs_se=301,1,4906,2020.7.1,2020-07-01 11:23:14.333952,
73,서구,인천광역시,기초자치단체,55:22.0,00:55.0,http://eminwon.seo.incheon.kr/emwp/gov/mogaha/ntis/web/emwp/cns/action/EmwpCnslWebAction.do?method=selectCnslWebPage&menu_id=EMWPCnslWebInqL&jndinm=EmwpCnslWebEJB&methodnm=selectCnslWebPage&context=NTIS&bbs_se=301,1,14484,2020.7.1,2020-07-01 11:23:22.186471,
74,강화군,인천광역시,기초자치단체,55:22.0,00:55.0,http://eminwon.ganghwa.go.kr/emwp/gov/mogaha/ntis/web/emwp/cns/action/EmwpCnslWebAction.do?method=selectCnslWebPage&menu_id=EMWPCnslWebInqL&jndinm=EmwpCnslWebEJB&methodnm=selectCnslWebPage&context=NTIS&bbs_se=301,1,491,2020.7.1,2020-07-01 11:23:26.131207,
75,옹진군,인천광역시,기초자치단체,55:22.0,00:55.0,http://eminwon.ongjin.go.kr/emwp/gov/mogaha/ntis/web/emwp/cns/action/EmwpCnslWebAction.do?method=selectCnslWebPage&menu_id=EMWPCnslWebInqL&jndinm=EmwpCnslWebEJB&methodnm=selectCnslWebPage&context=NTIS&bbs_se=301,2,497,2017.5.22,2020-07-01 11:23:30.343379,
76,동구,광주광역시,기초자치단체,55:22.0,00:55.0,http://eminwon.donggu.gwangju.kr/emwp/gov/mogaha/ntis/web/emwp/cns/action/EmwpCnslWebAction.do?method=selectCnslWebPage&menu_id=EMWPCnslWebInqL&jndinm=EmwpCnslWebEJB&methodnm=selectCnslWebPage&context=NTIS&bbs_se=301,1,471,2020.6.27,2020-07-01 11:23:35.378952,
77,서구,광주광역시,기초자치단체,55:22.0,00:55.0,http://eminwon.seogu.gwangju.kr/emwp/gov/mogaha/ntis/web/emwp/cns/action/EmwpCnslWebAction.do?method=selectCnslWebPage&menu_id=EMWPCnslWebInqL&jndinm=EmwpCnslWebEJB&methodnm=selectCnslWebPage&context=NTIS&bbs_se=301,1,3735,2020.6.30,2020-07-01 11:23:40.069804,
78,남구,광주광역시,기초자치단체,55:22.0,00:55.0,http://eminwon.namgu.gwangju.kr/emwp/gov/mogaha/ntis/web/emwp/cns/action/EmwpCnslWebAction.do?method=selectCnslWebPage&menu_id=EMWPCnslWebInqL&jndinm=EmwpCnslWebEJB&methodnm=selectCnslWebPage&context=NTIS&bbs_se=301,2,1171,2016.12.2,2020-07-01 11:23:44.118179,
79,북구,광주광역시,기초자치단체,55:22.0,00:55.0,http://eminwon.bukgu.gwangju.kr/emwp/gov/mogaha/ntis/web/emwp/cns/action/EmwpCnslWebAction.do?method=selectCnslWebPage&menu_id=EMWPCnslWebInqL&jndinm=EmwpCnslWebEJB&methodnm=selectCnslWebPage&context=NTIS&bbs_se=301,1,2656,2020.6.29,2020-07-01 11:23:55.332776,
80,광산구,광주광역시,기초자치단체,55:22.0,00:55.0,http://eminwon.gwangsan.go.kr/emwp/gov/mogaha/ntis/web/emwp/cns/action/EmwpCnslWebAction.do?method=selectCnslWebPage&menu_id=EMWPCnslWebInqL&jndinm=EmwpCnslWebEJB&methodnm=selectCnslWebPage&context=NTIS&bbs_se=301,1,2616,2020.6.29,2020-07-01 11:24:00.885092,
81,동구,대전광역시,기초자치단체,55:22.0,00:55.0,http://eminwon.donggu.go.kr/emwp/gov/mogaha/ntis/web/emwp/cns/action/EmwpCnslWebAction.do?method=selectCnslWebPage&menu_id=EMWPCnslWebInqL&jndinm=EmwpCnslWebEJB&methodnm=selectCnslWebPage&context=NTIS&bbs_se=301,2,1922,2017.3.29,2020-07-01 11:24:04.325895,
82,중구,대전광역시,기초자치단체,55:23.0,00:55.0,http://eminwon.djjunggu.go.kr/emwp/gov/mogaha/ntis/web/emwp/cns/action/EmwpCnslWebAction.do?method=selectCnslWebPage&menu_id=EMWPCnslWebInqL&jndinm=EmwpCnslWebEJB&methodnm=selectCnslWebPage&context=NTIS&bbs_se=301,2,1854,2017.3.21,2020-07-01 11:24:08.244043,
83,서구,대전광역시,기초자치단체,55:23.0,00:55.0,http://eminwon.seogu.go.kr/emwp/gov/mogaha/ntis/web/emwp/cns/action/EmwpCnslWebAction.do?method=selectCnslWebPage&menu_id=EMWPCnslWebInqL&jndinm=EmwpCnslWebEJB&methodnm=selectCnslWebPage&context=NTIS&bbs_se=301,2,1014,2017.3.26,2020-07-01 11:24:11.846654,
84,유성구,대전광역시,기초자치단체,55:23.0,00:55.0,http://eminwon.yuseong.go.kr/emwp/gov/mogaha/ntis/web/emwp/cns/action/EmwpCnslWebAction.do?method=selectCnslWebPage&menu_id=EMWPCnslWebInqL&jndinm=EmwpCnslWebEJB&methodnm=selectCnslWebPage&context=NTIS&bbs_se=301,2,6734,2017.4.5,2020-07-01 11:24:16.207662,
85,대덕구,대전광역시,기초자치단체,55:23.0,00:55.0,http://eminwon.daedeok.go.kr/emwp/gov/mogaha/ntis/web/emwp/cns/action/EmwpCnslWebAction.do?method=selectCnslWebPage&menu_id=EMWPCnslWebInqL&jndinm=EmwpCnslWebEJB&methodnm=selectCnslWebPage&context=NTIS&bbs_se=301,2,184,2017.3.24,2020-07-01 11:24:20.529801,
86,중구,울산광역시,기초자치단체,55:23.0,00:55.0,http://eminwon.junggu.ulsan.kr/emwp/gov/mogaha/ntis/web/emwp/cns/action/EmwpCnslWebAction.do?method=selectCnslWebPage&menu_id=EMWPCnslWebInqL&jndinm=EmwpCnslWebEJB&methodnm=selectCnslWebPage&context=NTIS&bbs_se=301,2,2454,2018.1.30,2020-07-01 11:24:24.167159,
87,남구,울산광역시,기초자치단체,55:23.0,00:55.0,http://eminwon.ulsannamgu.go.kr/emwp/gov/mogaha/ntis/web/emwp/cns/action/EmwpCnslWebAction.do?method=selectCnslWebPage&menu_id=EMWPCnslWebInqL&jndinm=EmwpCnslWebEJB&methodnm=selectCnslWebPage&context=NTIS&bbs_se=301,2,7170,2017.4.10,2020-07-01 11:24:29.430374,
88,동구,울산광역시,기초자치단체,55:23.0,00:55.0,http://eminwon.donggu.ulsan.kr/emwp/gov/mogaha/ntis/web/emwp/cns/action/EmwpCnslWebAction.do?method=selectCnslWebPage&menu_id=EMWPCnslWebInqL&jndinm=EmwpCnslWebEJB&methodnm=selectCnslWebPage&context=NTIS&bbs_se=301,2,1171,2017.4.4,2020-07-01 11:24:32.702191,
89,북구,울산광역시,기초자치단체,55:23.0,00:55.0,http://eminwon.bukgu.ulsan.kr/emwp/gov/mogaha/ntis/web/emwp/cns/action/EmwpCnslWebAction.do?method=selectCnslWebPage&menu_id=EMWPCnslWebInqL&jndinm=EmwpCnslWebEJB&methodnm=selectCnslWebPage&context=NTIS&bbs_se=301,2,4807,2017.5.12,2020-07-01 11:24:36.484479,
90,울주군,울산광역시,기초자치단체,55:23.0,00:55.0,http://eminwon.ulju.ulsan.kr/emwp/gov/mogaha/ntis/web/emwp/cns/action/EmwpCnslWebAction.do?method=selectCnslWebPage&menu_id=EMWPCnslWebInqL&jndinm=EmwpCnslWebEJB&methodnm=selectCnslWebPage&context=NTIS&bbs_se=301,2,2242,2017.4.12,2020-07-01 11:24:39.832137,
91,수원시,경기도,기초자치단체,55:23.0,00:55.0,http://eminwon.suwon.go.kr/emwp/gov/mogaha/ntis/web/emwp/cns/action/EmwpCnslWebAction.do?method=selectCnslWebPage&menu_id=EMWPCnslWebInqL&jndinm=EmwpCnslWebEJB&methodnm=selectCnslWebPage&context=NTIS&bbs_se=301,1,2280,2020.7.1,2020-07-01 11:24:59.186173,
92,고양시,경기도,기초자치단체,55:23.0,00:55.0,http://eminwon.goyang.go.kr/emwp/gov/mogaha/ntis/web/emwp/cns/action/EmwpCnslWebAction.do?method=selectCnslWebPage&menu_id=EMWPCnslWebInqL&jndinm=EmwpCnslWebEJB&methodnm=selectCnslWebPage&context=NTIS&bbs_se=301,1,34315,2020.7.1,2020-07-01 11:25:12.480993,
93,성남시,경기도,기초자치단체,55:23.0,00:55.0,http://eminwon.seongnam.go.kr/emwp/gov/mogaha/ntis/web/emwp/cns/action/EmwpCnslWebAction.do?method=selectCnslWebPage&menu_id=EMWPCnslWebInqL&jndinm=EmwpCnslWebEJB&methodnm=selectCnslWebPage&context=NTIS&bbs_se=301,2,8214,2020.6.28,2020-07-01 11:25:17.768082,
94,용인시,경기도,기초자치단체,55:23.0,00:55.0,http://eminwon.yongin.go.kr/emwp/gov/mogaha/ntis/web/emwp/cns/action/EmwpCnslWebAction.do?method=selectCnslWebPage&menu_id=EMWPCnslWebInqL&jndinm=EmwpCnslWebEJB&methodnm=selectCnslWebPage&context=NTIS&bbs_se=301,2,42170,2017.9.22,2020-07-01 11:25:51.060044,
95,부천시,경기도,기초자치단체,55:23.0,00:55.0,http://eminwon.bucheon.go.kr/emwp/gov/mogaha/ntis/web/emwp/cns/action/EmwpCnslWebAction.do?method=selectCnslWebPage&menu_id=EMWPCnslWebInqL&jndinm=EmwpCnslWebEJB&methodnm=selectCnslWebPage&context=NTIS&bbs_se=301,1,3873,2020.4.17,2020-07-01 11:26:02.976423,
96,안산시,경기도,기초자치단체,55:23.0,00:55.0,https://eminwon.ansan.go.kr/emwp/gov/mogaha/ntis/web/emwp/cns/action/EmwpCnslWebAction.do?method=selectCnslWebPage&menu_id=EMWPCnslWebInqL&jndinm=EmwpCnslWebEJB&methodnm=selectCnslWebPage&context=NTIS&bbs_se=301,1,13462,2020.7.1,2020-07-01 11:26:11.867511,보안 연결 사용해야 다이렉트됨
97,남양주시,경기도,기초자치단체,55:23.0,00:55.0,http://eminwon.nyj.go.kr/emwp/gov/mogaha/ntis/web/emwp/cns/action/EmwpCnslWebAction.do?method=selectCnslWebPage&menu_id=EMWPCnslWebInqL&jndinm=EmwpCnslWebEJB&methodnm=selectCnslWebPage&context=NTIS&bbs_se=301,2,22826,2017.6.23,2020-07-01 11:26:22.881450,
98,안양시,경기도,기초자치단체,55:23.0,00:55.0,http://eminwon.anyang.go.kr/emwp/gov/mogaha/ntis/web/emwp/cns/action/EmwpCnslWebAction.do?method=selectCnslWebPage&menu_id=EMWPCnslWebInqL&jndinm=EmwpCnslWebEJB&methodnm=selectCnslWebPage&context=NTIS&bbs_se=301,2,17950,2017.12.1,2020-07-01 11:26:26.921579,
99,화성시,경기도,기초자치단체,55:23.0,00:55.0,http://eminwon.hscity.go.kr/emwp/gov/mogaha/ntis/web/emwp/cns/action/EmwpCnslWebAction.do?method=selectCnslWebPage&menu_id=EMWPCnslWebInqL&jndinm=EmwpCnslWebEJB&methodnm=selectCnslWebPage&context=NTIS&bbs_se=301,2,21564,2017.11.17,2020-07-01 11:26:32.453678,
100,평택시,경기도,기초자치단체,55:23.0,00:55.0,http://eminwon.pyeongtaek.go.kr/emwp/gov/mogaha/ntis/web/emwp/cns/action/EmwpCnslWebAction.do?method=selectCnslWebPage&menu_id=EMWPCnslWebInqL&jndinm=EmwpCnslWebEJB&methodnm=selectCnslWebPage&context=NTIS&bbs_se=301,1,15868,2020.7.1,2020-07-01 11:26:39.920742,
101,의정부시,경기도,기초자치단체,55:23.0,00:55.0,http://eminwon.ui4u.go.kr/emwp/gov/mogaha/ntis/web/emwp/cns/action/EmwpCnslWebAction.do?method=selectCnslWebPage&menu_id=EMWPCnslWebInqL&jndinm=EmwpCnslWebEJB&methodnm=selectCnslWebPage&context=NTIS&bbs_se=301,2,11253,2017.10.26,2020-07-01 11:26:43.226503,
102,시흥시,경기도,기초자치단체,55:23.0,00:55.0,http://eminwon.siheung.go.kr/emwp/gov/mogaha/ntis/web/emwp/cns/action/EmwpCnslWebAction.do?method=selectCnslWebPage&menu_id=EMWPCnslWebInqL&jndinm=EmwpCnslWebEJB&methodnm=selectCnslWebPage&context=NTIS&bbs_se=301,1,23094,2020.7.1,2020-07-01 11:26:50.658174,
103,파주시,경기도,기초자치단체,55:23.0,00:54.0,http://eminwon.paju.go.kr/emwp/gov/mogaha/ntis/web/emwp/cns/action/EmwpCnslWebAction.do?method=selectCnslWebPage&menu_id=EMWPCnslWebInqL&jndinm=EmwpCnslWebEJB&methodnm=selectCnslWebPage&context=NTIS&bbs_se=301,2,34426,2017.7.5,2020-07-01 11:26:59.349204,
104,김포시,경기도,기초자치단체,55:23.0,00:54.0,http://eminwon.gimpo.go.kr/emwp/gov/mogaha/ntis/web/emwp/cns/action/EmwpCnslWebAction.do?method=selectCnslWebPage&menu_id=EMWPCnslWebInqL&jndinm=EmwpCnslWebEJB&methodnm=selectCnslWebPage&context=NTIS&bbs_se=301,2,18314,2017.6.1,2020-07-01 11:27:03.302844,
105,광명시,경기도,기초자치단체,55:23.0,00:54.0,http://eminwon.gm.go.kr/emwp/gov/mogaha/ntis/web/emwp/cns/action/EmwpCnslWebAction.do?method=selectCnslWebPage&menu_id=EMWPCnslWebInqL&jndinm=EmwpCnslWebEJB&methodnm=selectCnslWebPage&context=NTIS&bbs_se=301,1,338,2020.6.30,2020-07-01 11:27:07.759154,
106,광주시,경기도,기초자치단체,55:23.0,00:54.0,http://eminwon.gjcity.go.kr/emwp/gov/mogaha/ntis/web/emwp/cns/action/EmwpCnslWebAction.do?method=selectCnslWebPage&menu_id=EMWPCnslWebInqL&jndinm=EmwpCnslWebEJB&methodnm=selectCnslWebPage&context=NTIS&bbs_se=301,2,16484,2017.7.16,2020-07-01 11:27:13.500536,
107,군포시,경기도,기초자치단체,55:23.0,00:54.0,http://eminwon.gunpo.go.kr/emwp/gov/mogaha/ntis/web/emwp/cns/action/EmwpCnslWebAction.do?method=selectCnslWebPage&menu_id=EMWPCnslWebInqL&jndinm=EmwpCnslWebEJB&methodnm=selectCnslWebPage&context=NTIS&bbs_se=301,1,1519,2020.6.28,2020-07-01 11:27:17.820288,
108,오산시,경기도,기초자치단체,55:23.0,00:54.0,http://eminwon.osan.go.kr/emwp/gov/mogaha/ntis/web/emwp/cns/action/EmwpCnslWebAction.do?method=selectCnslWebPage&menu_id=EMWPCnslWebInqL&jndinm=EmwpCnslWebEJB&methodnm=selectCnslWebPage&context=NTIS&bbs_se=301,2,9724,2017.9.5,2020-07-01 11:27:21.776517,
109,이천시,경기도,기초자치단체,55:23.0,00:54.0,http://eminwon.icheon.go.kr/emwp/gov/mogaha/ntis/web/emwp/cns/action/EmwpCnslWebAction.do?method=selectCnslWebPage&menu_id=EMWPCnslWebInqL&jndinm=EmwpCnslWebEJB&methodnm=selectCnslWebPage&context=NTIS&bbs_se=301,2,5660,2017.7.5,2020-07-01 11:27:25.550817,
110,양주시,경기도,기초자치단체,55:23.0,00:54.0,http://eminwon.yangju.go.kr/emwp/gov/mogaha/ntis/web/emwp/cns/action/EmwpCnslWebAction.do?method=selectCnslWebPage&menu_id=EMWPCnslWebInqL&jndinm=EmwpCnslWebEJB&methodnm=selectCnslWebPage&context=NTIS&bbs_se=301,2,5284,2019.3.3,2020-07-01 11:27:29.733652,
111,안성시,경기도,기초자치단체,55:23.0,00:54.0,http://eminwon.anseong.go.kr/emwp/gov/mogaha/ntis/web/emwp/cns/action/EmwpCnslWebAction.do?method=selectCnslWebPage&menu_id=EMWPCnslWebInqL&jndinm=EmwpCnslWebEJB&methodnm=selectCnslWebPage&context=NTIS&bbs_se=301,1,8680,2020.6.30,2020-07-01 11:27:33.213319,
112,구리시,경기도,기초자치단체,55:23.0,00:54.0,http://eminwon.guri.go.kr/emwp/gov/mogaha/ntis/web/emwp/cns/action/EmwpCnslWebAction.do?method=selectCnslWebPage&menu_id=EMWPCnslWebInqL&jndinm=EmwpCnslWebEJB&methodnm=selectCnslWebPage&context=NTIS&bbs_se=301,2,7656,2017.6.30,2020-07-01 11:27:36.822302,
113,포천시,경기도,기초자치단체,55:23.0,00:54.0,http://eminwon.pcs21.net/emwp/gov/mogaha/ntis/web/emwp/cns/action/EmwpCnslWebAction.do?method=selectCnslWebPage&menu_id=EMWPCnslWebInqL&jndinm=EmwpCnslWebEJB&methodnm=selectCnslWebPage&context=NTIS&bbs_se=301,2,3666,2017.12.28,2020-07-01 11:27:46.830474,
114,의왕시,경기도,기초자치단체,55:23.0,00:54.0,http://eminwon.uiwang.go.kr/emwp/gov/mogaha/ntis/web/emwp/cns/action/EmwpCnslWebAction.do?method=selectCnslWebPage&menu_id=EMWPCnslWebInqL&jndinm=EmwpCnslWebEJB&methodnm=selectCnslWebPage&context=NTIS&bbs_se=301,1,5000,2020.6.30,2020-07-01 11:27:50.777759,
115,하남시,경기도,기초자치단체,55:23.0,00:54.0,http://eminwon.hanam.gyeonggi.kr/emwp/gov/mogaha/ntis/web/emwp/cns/action/EmwpCnslWebAction.do?method=selectCnslWebPage&menu_id=EMWPCnslWebInqL&jndinm=EmwpCnslWebEJB&methodnm=selectCnslWebPage&context=NTIS&bbs_se=301,2,7042,2017.12.29,2020-07-01 11:27:55.334288,
116,여주시,경기도,기초자치단체,55:23.0,00:54.0,http://eminwon.yeoju.go.kr/emwp/gov/mogaha/ntis/web/emwp/cns/action/EmwpCnslWebAction.do?method=selectCnslWebPage&menu_id=EMWPCnslWebInqL&jndinm=EmwpCnslWebEJB&methodnm=selectCnslWebPage&context=NTIS&bbs_se=301,2,3156,2018.10.23,2020-07-01 11:27:59.376211,
117,양평군,경기도,기초자치단체,55:23.0,00:54.0,http://eminwon.yp21.net/emwp/gov/mogaha/ntis/web/emwp/cns/action/EmwpCnslWebAction.do?method=selectCnslWebPage&menu_id=EMWPCnslWebInqL&jndinm=EmwpCnslWebEJB&methodnm=selectCnslWebPage&context=NTIS&bbs_se=301,2,114,2017.11.1,2020-07-01 11:28:04.200709,
118,동두천시,경기도,기초자치단체,55:23.0,00:54.0,http://eminwon.ddc.go.kr/emwp/gov/mogaha/ntis/web/emwp/cns/action/EmwpCnslWebAction.do?method=selectCnslWebPage&menu_id=EMWPCnslWebInqL&jndinm=EmwpCnslWebEJB&methodnm=selectCnslWebPage&context=NTIS&bbs_se=301,2,2995,2017.6.23,2020-07-01 11:28:07.578883,
119,과천시,경기도,기초자치단체,55:24.0,00:54.0,http://eminwon.gccity.go.kr/emwp/gov/mogaha/ntis/web/emwp/cns/action/EmwpCnslWebAction.do?method=selectCnslWebPage&menu_id=EMWPCnslWebInqL&jndinm=EmwpCnslWebEJB&methodnm=selectCnslWebPage&context=NTIS&bbs_se=301,1,1161,2020.6.28,2020-07-01 11:28:11.946646,
120,가평군,경기도,기초자치단체,55:24.0,00:54.0,http://eminwon.gp.go.kr/emwp/gov/mogaha/ntis/web/emwp/cns/action/EmwpCnslWebAction.do?method=selectCnslWebPage&menu_id=EMWPCnslWebInqL&jndinm=EmwpCnslWebEJB&methodnm=selectCnslWebPage&context=NTIS&bbs_se=301,2,2633,2017.5.24,2020-07-01 11:28:16.246002,
121,연쳔군,경기도,기초자치단체,55:24.0,00:54.0,http://eminwon.yeoncheon.go.kr/emwp/gov/mogaha/ntis/web/emwp/cns/action/EmwpCnslWebAction.do?method=selectCnslWebPage&menu_id=EMWPCnslWebInqL&jndinm=EmwpCnslWebEJB&methodnm=selectCnslWebPage&context=NTIS&bbs_se=301,1,1960,2020.6.30,2020-07-01 11:28:19.828885,
122,춘천시,강원도,기초자치단체,55:24.0,00:54.0,http://eminwon.chuncheon.go.kr/emwp/gov/mogaha/ntis/web/emwp/cns/action/EmwpCnslWebAction.do?method=selectCnslWebPage&menu_id=EMWPCnslWebInqL&jndinm=EmwpCnslWebEJB&methodnm=selectCnslWebPage&context=NTIS&bbs_se=301,2,4153,2017.11.30,2020-07-01 11:28:29.777467,
123,원주시,강원도,기초자치단체,55:24.0,00:54.0,http://eminwon.wonju.go.kr/emwp/gov/mogaha/ntis/web/emwp/cns/action/EmwpCnslWebAction.do?method=selectCnslWebPage&menu_id=EMWPCnslWebInqL&jndinm=EmwpCnslWebEJB&methodnm=selectCnslWebPage&context=NTIS&bbs_se=301,2,8153,2017.4.14,2020-07-01 11:28:35.358280,
124,강릉시,강원도,기초자치단체,55:24.0,00:54.0,http://eminwon.gangneung.go.kr/emwp/gov/mogaha/ntis/web/emwp/cns/action/EmwpCnslWebAction.do?method=selectCnslWebPage&menu_id=EMWPCnslWebInqL&jndinm=EmwpCnslWebEJB&methodnm=selectCnslWebPage&context=NTIS&bbs_se=301,2,5149,2017.5.31,2020-07-01 11:28:42.393659,
125,동해시,강원도,기초자치단체,55:24.0,00:54.0,http://eminwon.dh.go.kr/emwp/gov/mogaha/ntis/web/emwp/cns/action/EmwpCnslWebAction.do?method=selectCnslWebPage&menu_id=EMWPCnslWebInqL&jndinm=EmwpCnslWebEJB&methodnm=selectCnslWebPage&context=NTIS&bbs_se=301,2,2190,2017.5.1,2020-07-01 11:28:52.084812,
126,태백시,강원도,기초자치단체,55:24.0,00:54.0,http://eminwon.taebaek.go.kr/emwp/gov/mogaha/ntis/web/emwp/cns/action/EmwpCnslWebAction.do?method=selectCnslWebPage&menu_id=EMWPCnslWebInqL&jndinm=EmwpCnslWebEJB&methodnm=selectCnslWebPage&context=NTIS&bbs_se=301,2,623,2017.5.18,2020-07-01 11:28:58.444028,
127,속초시,강원도,기초자치단체,55:24.0,00:54.0,http://eminwon.sokcho.go.kr/emwp/gov/mogaha/ntis/web/emwp/cns/action/EmwpCnslWebAction.do?method=selectCnslWebPage&menu_id=EMWPCnslWebInqL&jndinm=EmwpCnslWebEJB&methodnm=selectCnslWebPage&context=NTIS&bbs_se=301,2,289,2017.4.13,2020-07-01 11:30:37.823163,
128,삼척시,강원도,기초자치단체,55:24.0,00:54.0,http://eminwon.samcheok.go.kr/emwp/gov/mogaha/ntis/web/emwp/cns/action/EmwpCnslWebAction.do?method=selectCnslWebPage&menu_id=EMWPCnslWebInqL&jndinm=EmwpCnslWebEJB&methodnm=selectCnslWebPage&context=NTIS&bbs_se=301,2,1509,2017.4.9,2020-07-01 11:30:53.489692,
129,홍천군,강원도,기초자치단체,55:24.0,00:54.0,http://eminwon.hongcheon.go.kr/emwp/gov/mogaha/ntis/web/emwp/cns/action/EmwpCnslWebAction.do?method=selectCnslWebPage&menu_id=EMWPCnslWebInqL&jndinm=EmwpCnslWebEJB&methodnm=selectCnslWebPage&context=NTIS&bbs_se=301,2,1565,2017.4.20,2020-07-01 11:31:01.033241,
130,횡성군,강원도,기초자치단체,55:24.0,00:54.0,http://eminwon.hsg.go.kr/emwp/gov/mogaha/ntis/web/emwp/cns/action/EmwpCnslWebAction.do?method=selectCnslWebPage&menu_id=EMWPCnslWebInqL&jndinm=EmwpCnslWebEJB&methodnm=selectCnslWebPage&context=NTIS&bbs_se=301,2,1046,2017.4.13,2020-07-01 11:31:11.007886,
131,영월군,강원도,기초자치단체,55:24.0,00:54.0,http://eminwon.yw.go.kr/emwp/gov/mogaha/ntis/web/emwp/cns/action/EmwpCnslWebAction.do?method=selectCnslWebPage&menu_id=EMWPCnslWebInqL&jndinm=EmwpCnslWebEJB&methodnm=selectCnslWebPage&context=NTIS&bbs_se=301,2,896,2017.4.30,2020-07-01 11:31:19.773361,
132,평창군,강원도,기초자치단체,55:24.0,00:54.0,http://eminwon.pc.go.kr/emwp/gov/mogaha/ntis/web/emwp/cns/action/EmwpCnslWebAction.do?method=selectCnslWebPage&menu_id=EMWPCnslWebInqL&jndinm=EmwpCnslWebEJB&methodnm=selectCnslWebPage&context=NTIS&bbs_se=301,2,1453,2019.8.5,2020-07-01 11:31:28.564940,
133,정선군,강원도,기초자치단체,55:24.0,00:54.0,http://eminwon.jeongseon.go.kr/emwp/gov/mogaha/ntis/web/emwp/cns/action/EmwpCnslWebAction.do?method=selectCnslWebPage&menu_id=EMWPCnslWebInqL&jndinm=EmwpCnslWebEJB&methodnm=selectCnslWebPage&context=NTIS&bbs_se=301,2,877,2017.4.17,2020-07-01 11:31:42.914841,
134,철원군,강원도,기초자치단체,55:24.0,00:54.0,http://eminwon.cwg.go.kr/emwp/gov/mogaha/ntis/web/emwp/cns/action/EmwpCnslWebAction.do?method=selectCnslWebPage&menu_id=EMWPCnslWebInqL&jndinm=EmwpCnslWebEJB&methodnm=selectCnslWebPage&context=NTIS&bbs_se=301,2,865,2019.1.10,2020-07-01 11:31:49.262236,
135,화천군,강원도,기초자치단체,55:24.0,00:54.0,http://eminwon.ihc.go.kr/emwp/gov/mogaha/ntis/web/emwp/cns/action/EmwpCnslWebAction.do?method=selectCnslWebPage&menu_id=EMWPCnslWebInqL&jndinm=EmwpCnslWebEJB&methodnm=selectCnslWebPage&context=NTIS&bbs_se=301,2,971,2017.4.20,2020-07-01 11:31:58.111137,
136,양구군,강원도,기초자치단체,55:24.0,00:54.0,http://eminwon.yanggu.gangwon.kr/emwp/gov/mogaha/ntis/web/emwp/cns/action/EmwpCnslWebAction.do?method=selectCnslWebPage&menu_id=EMWPCnslWebInqL&jndinm=EmwpCnslWebEJB&methodnm=selectCnslWebPage&context=NTIS&bbs_se=301,2,650,2017.2.16,2020-07-01 11:32:09.465424,
137,인제군,강원도,기초자치단체,55:24.0,00:54.0,http://eminwon.inje.go.kr/emwp/gov/mogaha/ntis/web/emwp/cns/action/EmwpCnslWebAction.do?method=selectCnslWebPage&menu_id=EMWPCnslWebInqL&jndinm=EmwpCnslWebEJB&methodnm=selectCnslWebPage&context=NTIS&bbs_se=301,2,837,2017.4.7,2020-07-01 11:32:17.442535,
138,고성군,강원도,기초자치단체,55:24.0,00:53.0,http://eminwon.gwgs.go.kr/emwp/gov/mogaha/ntis/web/emwp/cns/action/EmwpCnslWebAction.do?method=selectCnslWebPage&menu_id=EMWPCnslWebInqL&jndinm=EmwpCnslWebEJB&methodnm=selectCnslWebPage&context=NTIS&bbs_se=301,2,359,2017.4.6,2020-07-01 11:32:27.081962,
139,양양군,강원도,기초자치단체,55:24.0,00:53.0,http://eminwon.yangyang.go.kr/emwp/gov/mogaha/ntis/web/emwp/cns/action/EmwpCnslWebAction.do?method=selectCnslWebPage&menu_id=EMWPCnslWebInqL&jndinm=EmwpCnslWebEJB&methodnm=selectCnslWebPage&context=NTIS&bbs_se=301,2,511,2017.4.14,2020-07-01 11:32:33.046176,
140,청주시,충청북도,기초자치단체,55:24.0,00:53.0,http://eminwon.cheongju.go.kr/emwp/gov/mogaha/ntis/web/emwp/cns/action/EmwpCnslWebAction.do?method=selectCnslWebPage&menu_id=EMWPCnslWebInqL&jndinm=EmwpCnslWebEJB&methodnm=selectCnslWebPage&context=NTIS&bbs_se=301,2,8238,2016.8.4,2020-07-01 11:32:37.450048,
141,충주시,충청북도,기초자치단체,55:24.0,00:53.0,http://eminwon.chungju.go.kr/emwp/gov/mogaha/ntis/web/emwp/cns/action/EmwpCnslWebAction.do?method=selectCnslWebPage&menu_id=EMWPCnslWebInqL&jndinm=EmwpCnslWebEJB&methodnm=selectCnslWebPage&context=NTIS&bbs_se=301,2,1278,2017.1.3,2020-07-01 11:32:41.760254,
142,제천시,충청북도,기초자치단체,55:24.0,00:53.0,http://eminwon.jecheon.chungbuk.kr/emwp/gov/mogaha/ntis/web/emwp/cns/action/EmwpCnslWebAction.do?method=selectCnslWebPage&menu_id=EMWPCnslWebInqL&jndinm=EmwpCnslWebEJB&methodnm=selectCnslWebPage&context=NTIS&bbs_se=301,2,4097,2016.8.4,2020-07-01 11:32:47.415167,
143,보은군,충청북도,기초자치단체,55:24.0,00:53.0,http://eminwon.boeun.chungbuk.kr/emwp/gov/mogaha/ntis/web/emwp/cns/action/EmwpCnslWebAction.do?method=selectCnslWebPage&menu_id=EMWPCnslWebInqL&jndinm=EmwpCnslWebEJB&methodnm=selectCnslWebPage&context=NTIS&bbs_se=301,2,588,2016.8.3,2020-07-01 11:32:50.915661,
144,옥천군,충청북도,기초자치단체,55:24.0,00:53.0,http://eminwon.oc.go.kr/emwp/gov/mogaha/ntis/web/emwp/cns/action/EmwpCnslWebAction.do?method=selectCnslWebPage&menu_id=EMWPCnslWebInqL&jndinm=EmwpCnslWebEJB&methodnm=selectCnslWebPage&context=NTIS&bbs_se=301,2,1616,2016.7.27,2020-07-01 11:32:54.725932,
145,영동군,충청북도,기초자치단체,55:24.0,00:53.0,http://eminwon.yeongdong.chungbuk.kr/emwp/gov/mogaha/ntis/web/emwp/cns/action/EmwpCnslWebAction.do?method=selectCnslWebPage&menu_id=EMWPCnslWebInqL&jndinm=EmwpCnslWebEJB&methodnm=selectCnslWebPage&context=NTIS&bbs_se=301,2,1204,2016.8.3,2020-07-01 11:32:58.162802,
146,증평군,충청북도,기초자치단체,55:24.0,00:53.0,http://eminwon.jp.go.kr/emwp/gov/mogaha/ntis/web/emwp/cns/action/EmwpCnslWebAction.do?method=selectCnslWebPage&menu_id=EMWPCnslWebInqL&jndinm=EmwpCnslWebEJB&methodnm=selectCnslWebPage&context=NTIS&bbs_se=301,2,1252,2016.7.31,2020-07-01 11:33:01.686482,
147,진천군,충청북도,기초자치단체,55:24.0,00:53.0,http://eminwon.jincheon.go.kr/emwp/gov/mogaha/ntis/web/emwp/cns/action/EmwpCnslWebAction.do?method=selectCnslWebPage&menu_id=EMWPCnslWebInqL&jndinm=EmwpCnslWebEJB&methodnm=selectCnslWebPage&context=NTIS&bbs_se=301,2,1608,2016.8.2,2020-07-01 11:33:04.832411,
148,괴산군,충청북도,기초자치단체,55:24.0,00:53.0,http://eminwon.goesan.go.kr/emwp/gov/mogaha/ntis/web/emwp/cns/action/EmwpCnslWebAction.do?method=selectCnslWebPage&menu_id=EMWPCnslWebInqL&jndinm=EmwpCnslWebEJB&methodnm=selectCnslWebPage&context=NTIS&bbs_se=301,2,1240,2016.8.1,2020-07-01 11:33:08.463749,
149,음성군,충청북도,기초자치단체,55:24.0,00:53.0,http://eminwon.eumseong.go.kr/emwp/gov/mogaha/ntis/web/emwp/cns/action/EmwpCnslWebAction.do?method=selectCnslWebPage&menu_id=EMWPCnslWebInqL&jndinm=EmwpCnslWebEJB&methodnm=selectCnslWebPage&context=NTIS&bbs_se=301,2,1209,2016.9.30,2020-07-01 11:33:12.347246,
150,단양군,충청북도,기초자치단체,55:24.0,00:53.0,http://eminwon.danyang.go.kr/emwp/gov/mogaha/ntis/web/emwp/cns/action/EmwpCnslWebAction.do?method=selectCnslWebPage&menu_id=EMWPCnslWebInqL&jndinm=EmwpCnslWebEJB&methodnm=selectCnslWebPage&context=NTIS&bbs_se=301,2,162,2016.7.12,2020-07-01 11:33:16.973112,
151,천안시,충청남도,기초자치단체,55:24.0,00:53.0,http://eminwon.cheonan.go.kr/emwp/gov/mogaha/ntis/web/emwp/cns/action/EmwpCnslWebAction.do?method=selectCnslWebPage&menu_id=EMWPCnslWebInqL&jndinm=EmwpCnslWebEJB&methodnm=selectCnslWebPage&context=NTIS&bbs_se=301,1,12885,2020.6.30,2020-07-01 11:33:22.500440,
152,공주시,충청남도,기초자치단체,55:24.0,00:53.0,http://eminwon.gongju.go.kr/emwp/gov/mogaha/ntis/web/emwp/cns/action/EmwpCnslWebAction.do?method=selectCnslWebPage&menu_id=EMWPCnslWebInqL&jndinm=EmwpCnslWebEJB&methodnm=selectCnslWebPage&context=NTIS&bbs_se=301,1,3264,2020.6.30,2020-07-01 11:33:27.160381,
153,보령시,충청남도,기초자치단체,55:24.0,00:53.0,http://eminwon.boryeong.chungnam.kr/emwp/gov/mogaha/ntis/web/emwp/cns/action/EmwpCnslWebAction.do?method=selectCnslWebPage&menu_id=EMWPCnslWebInqL&jndinm=EmwpCnslWebEJB&methodnm=selectCnslWebPage&context=NTIS&bbs_se=301,1,3800,2020.6.30,2020-07-01 11:33:32.067961,
154,아산시,충청남도,기초자치단체,55:24.0,00:53.0,http://eminwon.asan.go.kr/emwp/gov/mogaha/ntis/web/emwp/cns/action/EmwpCnslWebAction.do?method=selectCnslWebPage&menu_id=EMWPCnslWebInqL&jndinm=EmwpCnslWebEJB&methodnm=selectCnslWebPage&context=NTIS&bbs_se=301,1,15243,2020.7.1,2020-07-01 11:33:35.609401,
155,서산시,충청남도,기초자치단체,55:24.0,00:53.0,http://eminwon.seosan.go.kr/emwp/gov/mogaha/ntis/web/emwp/cns/action/EmwpCnslWebAction.do?method=selectCnslWebPage&menu_id=EMWPCnslWebInqL&jndinm=EmwpCnslWebEJB&methodnm=selectCnslWebPage&context=NTIS&bbs_se=301,1,1688,2020.7.1,2020-07-01 11:33:38.977334,
156,논산시,충청남도,기초자치단체,55:25.0,00:53.0,http://eminwon.nonsan21.net/emwp/gov/mogaha/ntis/web/emwp/cns/action/EmwpCnslWebAction.do?method=selectCnslWebPage&menu_id=EMWPCnslWebInqL&jndinm=EmwpCnslWebEJB&methodnm=selectCnslWebPage&context=NTIS&bbs_se=301,2,1397,2017.6.11,2020-07-01 11:33:42.298731,
157,계룡시,충청남도,기초자치단체,55:25.0,00:53.0,http://eminwon.gyeryong.go.kr/emwp/gov/mogaha/ntis/web/emwp/cns/action/EmwpCnslWebAction.do?method=selectCnslWebPage&menu_id=EMWPCnslWebInqL&jndinm=EmwpCnslWebEJB&methodnm=selectCnslWebPage&context=NTIS&bbs_se=301,2,877,2017.3.20,2020-07-01 11:33:45.698653,
158,당진시,충청남도,기초자치단체,55:25.0,00:53.0,http://eminwon.dangjin.go.kr/emwp/gov/mogaha/ntis/web/emwp/cns/action/EmwpCnslWebAction.do?method=selectCnslWebPage&menu_id=EMWPCnslWebInqL&jndinm=EmwpCnslWebEJB&methodnm=selectCnslWebPage&context=NTIS&bbs_se=301,2,2198,2017.3.30,2020-07-01 11:33:49.029059,
159,금산군,충청남도,기초자치단체,55:25.0,00:53.0,http://eminwon.geumsan.go.kr/emwp/gov/mogaha/ntis/web/emwp/cns/action/EmwpCnslWebAction.do?method=selectCnslWebPage&menu_id=EMWPCnslWebInqL&jndinm=EmwpCnslWebEJB&methodnm=selectCnslWebPage&context=NTIS&bbs_se=301,2,1127,2017.3.27,2020-07-01 11:33:52.251054,
160,부여군,충청남도,기초자치단체,55:25.0,00:53.0,http://eminwon.buyeo.go.kr/emwp/gov/mogaha/ntis/web/emwp/cns/action/EmwpCnslWebAction.do?method=selectCnslWebPage&menu_id=EMWPCnslWebInqL&jndinm=EmwpCnslWebEJB&methodnm=selectCnslWebPage&context=NTIS&bbs_se=301,2,378,2017.4.13,2020-07-01 11:33:55.508800,
161,서천군,충청남도,기초자치단체,55:25.0,00:53.0,http://eminwon.seocheon.go.kr/emwp/gov/mogaha/ntis/web/emwp/cns/action/EmwpCnslWebAction.do?method=selectCnslWebPage&menu_id=EMWPCnslWebInqL&jndinm=EmwpCnslWebEJB&methodnm=selectCnslWebPage&context=NTIS&bbs_se=301,1,561,2020.6.23,2020-07-01 11:33:59.047772,
162,청양군,충청남도,기초자치단체,55:25.0,00:53.0,http://eminwon.cheongyang.go.kr/emwp/gov/mogaha/ntis/web/emwp/cns/action/EmwpCnslWebAction.do?method=selectCnslWebPage&menu_id=EMWPCnslWebInqL&jndinm=EmwpCnslWebEJB&methodnm=selectCnslWebPage&context=NTIS&bbs_se=301,2,460,2017.5.30,2020-07-01 11:34:02.097121,
163,홍성군,충청남도,기초자치단체,55:25.0,00:53.0,http://eminwon.hongseong.go.kr/emwp/gov/mogaha/ntis/web/emwp/cns/action/EmwpCnslWebAction.do?method=selectCnslWebPage&menu_id=EMWPCnslWebInqL&jndinm=EmwpCnslWebEJB&methodnm=selectCnslWebPage&context=NTIS&bbs_se=301,1,837,2020.6.30,2020-07-01 11:34:05.249052,
164,예산군,충청남도,기초자치단체,55:25.0,00:53.0,http://eminwon.yesan.go.kr/emwp/gov/mogaha/ntis/web/emwp/cns/action/EmwpCnslWebAction.do?method=selectCnslWebPage&menu_id=EMWPCnslWebInqL&jndinm=EmwpCnslWebEJB&methodnm=selectCnslWebPage&context=NTIS&bbs_se=301,1,1648,2020.6.25,2020-07-01 11:34:08.319742,
165,태안군,충청남도,기초자치단체,55:25.0,00:53.0,http://eminwon.taean.go.kr/emwp/gov/mogaha/ntis/web/emwp/cns/action/EmwpCnslWebAction.do?method=selectCnslWebPage&menu_id=EMWPCnslWebInqL&jndinm=EmwpCnslWebEJB&methodnm=selectCnslWebPage&context=NTIS&bbs_se=301,1,2482,2020.6.29,2020-07-01 11:34:11.441798,
166,전주시,전라북도,기초자치단체,55:25.0,00:53.0,http://eminwon.jeonju.go.kr/emwp/gov/mogaha/ntis/web/emwp/cns/action/EmwpCnslWebAction.do?method=selectCnslWebPage&menu_id=EMWPCnslWebInqL&jndinm=EmwpCnslWebEJB&methodnm=selectCnslWebPage&context=NTIS&bbs_se=301,2,1157,2017.4.5,2020-07-01 11:34:16.993350,
167,군산시,전라북도,기초자치단체,55:25.0,00:53.0,http://eminwon.gunsan.go.kr/emwp/gov/mogaha/ntis/web/emwp/cns/action/EmwpCnslWebAction.do?method=selectCnslWebPage&menu_id=EMWPCnslWebInqL&jndinm=EmwpCnslWebEJB&methodnm=selectCnslWebPage&context=NTIS&bbs_se=301,2,3001,2016.12.11,2020-07-01 11:34:21.345705,
168,익산시,전라북도,기초자치단체,55:25.0,00:53.0,http://eminwon.iksan.go.kr/emwp/gov/mogaha/ntis/web/emwp/cns/action/EmwpCnslWebAction.do?method=selectCnslWebPage&menu_id=EMWPCnslWebInqL&jndinm=EmwpCnslWebEJB&methodnm=selectCnslWebPage&context=NTIS&bbs_se=301,2,2534,2016.12.9,2020-07-01 11:34:24.707838,
169,정읍시,전라북도,기초자치단체,55:25.0,00:53.0,http://eminwon.jeongeup.go.kr/emwp/gov/mogaha/ntis/web/emwp/cns/action/EmwpCnslWebAction.do?method=selectCnslWebPage&menu_id=EMWPCnslWebInqL&jndinm=EmwpCnslWebEJB&methodnm=selectCnslWebPage&context=NTIS&bbs_se=301,2,2736,2016.12.9,2020-07-01 11:34:31.459359,
170,남원시,전라북도,기초자치단체,55:25.0,00:53.0,http://eminwon.namwon.go.kr/emwp/gov/mogaha/ntis/web/emwp/cns/action/EmwpCnslWebAction.do?method=selectCnslWebPage&menu_id=EMWPCnslWebInqL&jndinm=EmwpCnslWebEJB&methodnm=selectCnslWebPage&context=NTIS&bbs_se=301,2,441,2018.7.26,2020-07-01 11:34:35.239864,
171,김제시,전라북도,기초자치단체,55:25.0,00:53.0,http://eminwon.gimje.go.kr/emwp/gov/mogaha/ntis/web/emwp/cns/action/EmwpCnslWebAction.do?method=selectCnslWebPage&menu_id=EMWPCnslWebInqL&jndinm=EmwpCnslWebEJB&methodnm=selectCnslWebPage&context=NTIS&bbs_se=301,2,1596,2016.12.11,2020-07-01 11:34:41.499029,
172,완주군,전라북도,기초자치단체,55:25.0,00:53.0,http://eminwon.wanju.go.kr/emwp/gov/mogaha/ntis/web/emwp/cns/action/EmwpCnslWebAction.do?method=selectCnslWebPage&menu_id=EMWPCnslWebInqL&jndinm=EmwpCnslWebEJB&methodnm=selectCnslWebPage&context=NTIS&bbs_se=301,2,690,2016.9.26,2020-07-01 11:34:44.791528,
173,진안군,전라북도,기초자치단체,55:25.0,00:53.0,http://eminwon.jinan.go.kr/emwp/gov/mogaha/ntis/web/emwp/cns/action/EmwpCnslWebAction.do?method=selectCnslWebPage&menu_id=EMWPCnslWebInqL&jndinm=EmwpCnslWebEJB&methodnm=selectCnslWebPage&context=NTIS&bbs_se=301,2,9,2017.8.18,2020-07-01 11:34:48.491293,
174,무주군,전라북도,기초자치단체,55:25.0,00:53.0,http://eminwon.muju.go.kr/emwp/gov/mogaha/ntis/web/emwp/cns/action/EmwpCnslWebAction.do?method=selectCnslWebPage&menu_id=EMWPCnslWebInqL&jndinm=EmwpCnslWebEJB&methodnm=selectCnslWebPage&context=NTIS&bbs_se=301,2,1337,2016.12.1,2020-07-01 11:34:51.735042,
175,장수군,전라북도,기초자치단체,55:25.0,00:52.0,http://eminwon.jangsu.go.kr/emwp/gov/mogaha/ntis/web/emwp/cns/action/EmwpCnslWebAction.do?method=selectCnslWebPage&menu_id=EMWPCnslWebInqL&jndinm=EmwpCnslWebEJB&methodnm=selectCnslWebPage&context=NTIS&bbs_se=301,2,289,2016.11.24,2020-07-01 11:34:55.420293,
176,임실군,전라북도,기초자치단체,55:25.0,00:52.0,http://eminwon.imsil.go.kr/emwp/gov/mogaha/ntis/web/emwp/cns/action/EmwpCnslWebAction.do?method=selectCnslWebPage&menu_id=EMWPCnslWebInqL&jndinm=EmwpCnslWebEJB&methodnm=selectCnslWebPage&context=NTIS&bbs_se=301,2,503,2016.12.12,2020-07-01 11:34:59.129508,
177,순창군,전라북도,기초자치단체,55:25.0,00:52.0,http://eminwon.sunchang.go.kr/emwp/gov/mogaha/ntis/web/emwp/cns/action/EmwpCnslWebAction.do?method=selectCnslWebPage&menu_id=EMWPCnslWebInqL&jndinm=EmwpCnslWebEJB&methodnm=selectCnslWebPage&context=NTIS&bbs_se=301,2,326,2016.12.12,2020-07-01 11:35:03.283768,
178,고창군,전라북도,기초자치단체,55:25.0,00:52.0,http://eminwon.gochang.go.kr/emwp/gov/mogaha/ntis/web/emwp/cns/action/EmwpCnslWebAction.do?method=selectCnslWebPage&menu_id=EMWPCnslWebInqL&jndinm=EmwpCnslWebEJB&methodnm=selectCnslWebPage&context=NTIS&bbs_se=301,2,452,2016.12.19,2020-07-01 11:35:06.894956,
179,부안군,전라북도,기초자치단체,55:25.0,00:52.0,http://eminwon.buan.go.kr/emwp/gov/mogaha/ntis/web/emwp/cns/action/EmwpCnslWebAction.do?method=selectCnslWebPage&menu_id=EMWPCnslWebInqL&jndinm=EmwpCnslWebEJB&methodnm=selectCnslWebPage&context=NTIS&bbs_se=301,2,877,2016.12.10,2020-07-01 11:35:10.234712,
180,목포시,전라남도,기초자치단체,55:25.0,00:52.0,http://eminwon.mokpo.go.kr/emwp/gov/mogaha/ntis/web/emwp/cns/action/EmwpCnslWebAction.do?method=selectCnslWebPage&menu_id=EMWPCnslWebInqL&jndinm=EmwpCnslWebEJB&methodnm=selectCnslWebPage&context=NTIS&bbs_se=301,2,562,2017.5.4,2020-07-01 11:35:14.246486,
181,여수시,전라남도,기초자치단체,55:25.0,00:52.0,http://eminwon.yeosu.go.kr/emwp/gov/mogaha/ntis/web/emwp/cns/action/EmwpCnslWebAction.do?method=selectCnslWebPage&menu_id=EMWPCnslWebInqL&jndinm=EmwpCnslWebEJB&methodnm=selectCnslWebPage&context=NTIS&bbs_se=301,2,3505,2017.5.19,2020-07-01 11:35:18.845435,
182,순천시,전라남도,기초자치단체,55:26.0,00:52.0,http://eminwon.suncheon.go.kr/emwp/gov/mogaha/ntis/web/emwp/cns/action/EmwpCnslWebAction.do?method=selectCnslWebPage&menu_id=EMWPCnslWebInqL&jndinm=EmwpCnslWebEJB&methodnm=selectCnslWebPage&context=NTIS&bbs_se=301,2,3240,2017.6.30,2020-07-01 11:35:23.277854,
183,나주시,전라남도,기초자치단체,55:26.0,00:52.0,http://eminwon.naju.go.kr/emwp/gov/mogaha/ntis/web/emwp/cns/action/EmwpCnslWebAction.do?method=selectCnslWebPage&menu_id=EMWPCnslWebInqL&jndinm=EmwpCnslWebEJB&methodnm=selectCnslWebPage&context=NTIS&bbs_se=301,2,1265,2017.6.27,2020-07-01 11:35:27.388981,
184,광양시,전라남도,기초자치단체,55:26.0,00:52.0,http://eminwon.gwangyang.go.kr/emwp/gov/mogaha/ntis/web/emwp/cns/action/EmwpCnslWebAction.do?method=selectCnslWebPage&menu_id=EMWPCnslWebInqL&jndinm=EmwpCnslWebEJB&methodnm=selectCnslWebPage&context=NTIS&bbs_se=301,2,3396,2017.5.31,2020-07-01 11:35:30.722493,
185,담양군,전라남도,기초자치단체,55:26.0,00:52.0,http://eminwon.damyang.jeonnam.kr/emwp/gov/mogaha/ntis/web/emwp/cns/action/EmwpCnslWebAction.do?method=selectCnslWebPage&menu_id=EMWPCnslWebInqL&jndinm=EmwpCnslWebEJB&methodnm=selectCnslWebPage&context=NTIS&bbs_se=301,1,1568,2018.11.28,2020-07-01 11:35:34.578963,
186,곡성군,전라남도,기초자치단체,55:26.0,00:52.0,http://eminwon.gokseong.go.kr/emwp/gov/mogaha/ntis/web/emwp/cns/action/EmwpCnslWebAction.do?method=selectCnslWebPage&menu_id=EMWPCnslWebInqL&jndinm=EmwpCnslWebEJB&methodnm=selectCnslWebPage&context=NTIS&bbs_se=301,2,414,2017.3.15,2020-07-01 11:35:37.749052,
187,구례군,전라남도,기초자치단체,55:26.0,00:52.0,http://eminwon.gurye.go.kr/emwp/gov/mogaha/ntis/web/emwp/cns/action/EmwpCnslWebAction.do?method=selectCnslWebPage&menu_id=EMWPCnslWebInqL&jndinm=EmwpCnslWebEJB&methodnm=selectCnslWebPage&context=NTIS&bbs_se=301,2,449,2017.5.23,2020-07-01 11:44:51.251876,
188,고흥군,전라남도,기초자치단체,55:26.0,00:52.0,http://eminwon.goheung.go.kr/emwp/gov/mogaha/ntis/web/emwp/cns/action/EmwpCnslWebAction.do?method=selectCnslWebPage&menu_id=EMWPCnslWebInqL&jndinm=EmwpCnslWebEJB&methodnm=selectCnslWebPage&context=NTIS&bbs_se=301,2,730,2017.8.9,2020-07-01 11:46:19.414192,
189,보성군,전라남도,기초자치단체,55:26.0,00:52.0,http://eminwon.boseong.go.kr/emwp/gov/mogaha/ntis/web/emwp/cns/action/EmwpCnslWebAction.do?method=selectCnslWebPage&menu_id=EMWPCnslWebInqL&jndinm=EmwpCnslWebEJB&methodnm=selectCnslWebPage&context=NTIS&bbs_se=301,2,939,2017.8.20,2020-07-01 11:46:26.043602,
190,화순군,전라남도,기초자치단체,55:26.0,00:52.0,http://eminwon.hwasun.go.kr/emwp/gov/mogaha/ntis/web/emwp/cns/action/EmwpCnslWebAction.do?method=selectCnslWebPage&menu_id=EMWPCnslWebInqL&jndinm=EmwpCnslWebEJB&methodnm=selectCnslWebPage&context=NTIS&bbs_se=301,2,924,2017.11.12,2020-07-01 11:46:29.618477,
191,장흥군,전라남도,기초자치단체,55:26.0,00:52.0,http://eminwon.jangheung.go.kr/emwp/gov/mogaha/ntis/web/emwp/cns/action/EmwpCnslWebAction.do?method=selectCnslWebPage&menu_id=EMWPCnslWebInqL&jndinm=EmwpCnslWebEJB&methodnm=selectCnslWebPage&context=NTIS&bbs_se=301,1,980,2020.5.28,2020-07-01 11:46:33.015892,
192,강진군,전라남도,기초자치단체,55:26.0,00:52.0,http://eminwon.gangjin.go.kr/emwp/gov/mogaha/ntis/web/emwp/cns/action/EmwpCnslWebAction.do?method=selectCnslWebPage&menu_id=EMWPCnslWebInqL&jndinm=EmwpCnslWebEJB&methodnm=selectCnslWebPage&context=NTIS&bbs_se=301,2,355,2018.3.12,2020-07-01 11:46:36.487651,
193,해남군,전라남도,기초자치단체,55:26.0,00:52.0,http://eminwon.haenam.go.kr/emwp/gov/mogaha/ntis/web/emwp/cns/action/EmwpCnslWebAction.do?method=selectCnslWebPage&menu_id=EMWPCnslWebInqL&jndinm=EmwpCnslWebEJB&methodnm=selectCnslWebPage&context=NTIS&bbs_se=301,2,593,2017.4.5,2020-07-01 11:46:39.722126,
194,영암군,전라남도,기초자치단체,55:26.0,00:52.0,http://eminwon.yeongam.go.kr/emwp/gov/mogaha/ntis/web/emwp/cns/action/EmwpCnslWebAction.do?method=selectCnslWebPage&menu_id=EMWPCnslWebInqL&jndinm=EmwpCnslWebEJB&methodnm=selectCnslWebPage&context=NTIS&bbs_se=301,2,688,2019.4.26,2020-07-01 11:46:43.698413,
195,무안군,전라남도,기초자치단체,55:26.0,00:52.0,http://eminwon.muan.go.kr/emwp/gov/mogaha/ntis/web/emwp/cns/action/EmwpCnslWebAction.do?method=selectCnslWebPage&menu_id=EMWPCnslWebInqL&jndinm=EmwpCnslWebEJB&methodnm=selectCnslWebPage&context=NTIS&bbs_se=301,2,599,2017.4.13,2020-07-01 11:46:47.811786,
196,함평군,전라남도,기초자치단체,55:26.0,00:52.0,http://eminwon.hampyeong.go.kr/emwp/gov/mogaha/ntis/web/emwp/cns/action/EmwpCnslWebAction.do?method=selectCnslWebPage&menu_id=EMWPCnslWebInqL&jndinm=EmwpCnslWebEJB&methodnm=selectCnslWebPage&context=NTIS&bbs_se=301,2,375,2017.3.13,2020-07-01 11:46:53.360604,
197,영광군,전라남도,기초자치단체,55:26.0,00:52.0,http://eminwon.yeonggwang.jeonnam.kr/emwp/gov/mogaha/ntis/web/emwp/cns/action/EmwpCnslWebAction.do?method=selectCnslWebPage&menu_id=EMWPCnslWebInqL&jndinm=EmwpCnslWebEJB&methodnm=selectCnslWebPage&context=NTIS&bbs_se=301,2,799,2019.1.7,2020-07-01 11:46:57.477606,
198,장성군,전라남도,기초자치단체,55:26.0,00:52.0,http://eminwon.jangseong.go.kr/emwp/gov/mogaha/ntis/web/emwp/cns/action/EmwpCnslWebAction.do?method=selectCnslWebPage&menu_id=EMWPCnslWebInqL&jndinm=EmwpCnslWebEJB&methodnm=selectCnslWebPage&context=NTIS&bbs_se=301,2,714,2017.5.12,2020-07-01 11:47:00.959571,
199,완도군,전라남도,기초자치단체,55:26.0,00:52.0,http://eminwon.wando.go.kr/emwp/gov/mogaha/ntis/web/emwp/cns/action/EmwpCnslWebAction.do?method=selectCnslWebPage&menu_id=EMWPCnslWebInqL&jndinm=EmwpCnslWebEJB&methodnm=selectCnslWebPage&context=NTIS&bbs_se=301,2,474,2019.4.24,2020-07-01 11:50:01.889721,
200,진도군,전라남도,기초자치단체,55:26.0,00:52.0,http://eminwon.jindo.go.kr/emwp/gov/mogaha/ntis/web/emwp/cns/action/EmwpCnslWebAction.do?method=selectCnslWebPage&menu_id=EMWPCnslWebInqL&jndinm=EmwpCnslWebEJB&methodnm=selectCnslWebPage&context=NTIS&bbs_se=301,2,566,2017.9.27,2020-07-01 11:50:51.415327,
201,신안군,전라남도,기초자치단체,55:26.0,00:52.0,http://eminwon.shinan.go.kr/emwp/gov/mogaha/ntis/web/emwp/cns/action/EmwpCnslWebAction.do?method=selectCnslWebPage&menu_id=EMWPCnslWebInqL&jndinm=EmwpCnslWebEJB&methodnm=selectCnslWebPage&context=NTIS&bbs_se=301,2,206,2017.7.5,2020-07-01 11:50:55.005766,
202,포항시,경상북도,기초자치단체,55:26.0,00:52.0,http://eminwon.pohang.go.kr/emwp/gov/mogaha/ntis/web/emwp/cns/action/EmwpCnslWebAction.do?method=selectCnslWebPage&menu_id=EMWPCnslWebInqL&jndinm=EmwpCnslWebEJB&methodnm=selectCnslWebPage&context=NTIS&bbs_se=301,2,3931,2017.2.9,2020-07-01 11:50:58.496482,
203,경주시,경상북도,기초자치단체,55:26.0,00:52.0,http://eminwon.gyeongju.go.kr/emwp/gov/mogaha/ntis/web/emwp/cns/action/EmwpCnslWebAction.do?method=selectCnslWebPage&menu_id=EMWPCnslWebInqL&jndinm=EmwpCnslWebEJB&methodnm=selectCnslWebPage&context=NTIS&bbs_se=301,2,7799,2016.12.14,2020-07-01 11:51:07.710232,
204,김천시,경상북도,기초자치단체,55:26.0,00:52.0,http://eminwon.gc.go.kr/emwp/gov/mogaha/ntis/web/emwp/cns/action/EmwpCnslWebAction.do?method=selectCnslWebPage&menu_id=EMWPCnslWebInqL&jndinm=EmwpCnslWebEJB&methodnm=selectCnslWebPage&context=NTIS&bbs_se=301,2,737,2016.11.30,2020-07-01 11:51:10.716009,
205,안동시,경상북도,기초자치단체,55:26.0,00:52.0,http://eminwon.andong.go.kr/emwp/gov/mogaha/ntis/web/emwp/cns/action/EmwpCnslWebAction.do?method=selectCnslWebPage&menu_id=EMWPCnslWebInqL&jndinm=EmwpCnslWebEJB&methodnm=selectCnslWebPage&context=NTIS&bbs_se=301,2,2504,2016.12.9,2020-07-01 11:51:13.974123,
206,구미시,경상북도,기초자치단체,55:26.0,00:52.0,http://eminwon.gumi.go.kr/emwp/gov/mogaha/ntis/web/emwp/cns/action/EmwpCnslWebAction.do?method=selectCnslWebPage&menu_id=EMWPCnslWebInqL&jndinm=EmwpCnslWebEJB&methodnm=selectCnslWebPage&context=NTIS&bbs_se=301,2,7225,2016.12.8,2020-07-01 11:51:19.569164,
207,영주시,경상북도,기초자치단체,55:26.0,00:52.0,http://eminwon.yeongju.go.kr/emwp/gov/mogaha/ntis/web/emwp/cns/action/EmwpCnslWebAction.do?method=selectCnslWebPage&menu_id=EMWPCnslWebInqL&jndinm=EmwpCnslWebEJB&methodnm=selectCnslWebPage&context=NTIS&bbs_se=301,2,2569,2016.12.14,2020-07-01 11:51:24.480536,
208,영천시,경상북도,기초자치단체,55:26.0,00:52.0,http://eminwon.yc.go.kr/emwp/gov/mogaha/ntis/web/emwp/cns/action/EmwpCnslWebAction.do?method=selectCnslWebPage&menu_id=EMWPCnslWebInqL&jndinm=EmwpCnslWebEJB&methodnm=selectCnslWebPage&context=NTIS&bbs_se=301,2,845,2016.12.7,2020-07-01 11:51:27.840515,
209,상주시,경상북도,기초자치단체,55:26.0,00:52.0,http://eminwon.sangju.go.kr/emwp/gov/mogaha/ntis/web/emwp/cns/action/EmwpCnslWebAction.do?method=selectCnslWebPage&menu_id=EMWPCnslWebInqL&jndinm=EmwpCnslWebEJB&methodnm=selectCnslWebPage&context=NTIS&bbs_se=301,2,1388,2016.12.8,2020-07-01 11:51:31.920485,
210,문경시,경상북도,기초자치단체,55:26.0,00:52.0,http://eminwon.gbmg.go.kr/emwp/gov/mogaha/ntis/web/emwp/cns/action/EmwpCnslWebAction.do?method=selectCnslWebPage&menu_id=EMWPCnslWebInqL&jndinm=EmwpCnslWebEJB&methodnm=selectCnslWebPage&context=NTIS&bbs_se=301,2,1280,2016.12.10,2020-07-01 11:57:26.558628,
211,경산시,경상북도,기초자치단체,55:26.0,00:52.0,http://eminwon.gbgs.go.kr/emwp/gov/mogaha/ntis/web/emwp/cns/action/EmwpCnslWebAction.do?method=selectCnslWebPage&menu_id=EMWPCnslWebInqL&jndinm=EmwpCnslWebEJB&methodnm=selectCnslWebPage&context=NTIS&bbs_se=301,2,3864,2016.12.15,2020-07-01 11:57:30.112051,
212,군위군,경상북도,기초자치단체,55:26.0,00:52.0,http://eminwon.gunwi.go.kr/emwp/gov/mogaha/ntis/web/emwp/cns/action/EmwpCnslWebAction.do?method=selectCnslWebPage&menu_id=EMWPCnslWebInqL&jndinm=EmwpCnslWebEJB&methodnm=selectCnslWebPage&context=NTIS&bbs_se=301,2,606,2016.12.12,2020-07-01 11:57:37.647705,
213,의성군,경상북도,기초자치단체,55:26.0,00:51.0,http://eminwon.uiseong.go.kr/emwp/gov/mogaha/ntis/web/emwp/cns/action/EmwpCnslWebAction.do?method=selectCnslWebPage&menu_id=EMWPCnslWebInqL&jndinm=EmwpCnslWebEJB&methodnm=selectCnslWebPage&context=NTIS&bbs_se=301,2,645,2017.1.23,2020-07-01 13:00:42.282431,
214,청송군,경상북도,기초자치단체,55:26.0,00:51.0,http://eminwon.cs.go.kr/emwp/gov/mogaha/ntis/web/emwp/cns/action/EmwpCnslWebAction.do?method=selectCnslWebPage&menu_id=EMWPCnslWebInqL&jndinm=EmwpCnslWebEJB&methodnm=selectCnslWebPage&context=NTIS&bbs_se=301,2,396,2016.12.5,2020-07-01 13:01:00.373938,
215,영양군,경상북도,기초자치단체,55:26.0,00:51.0,http://eminwon.yyg.go.kr/emwp/gov/mogaha/ntis/web/emwp/cns/action/EmwpCnslWebAction.do?method=selectCnslWebPage&menu_id=EMWPCnslWebInqL&jndinm=EmwpCnslWebEJB&methodnm=selectCnslWebPage&context=NTIS&bbs_se=301,2,205,2016.11.10,2020-07-01 13:01:04.485699,
216,영덕군,경상북도,기초자치단체,55:26.0,00:51.0,http://eminwon.yd.go.kr/emwp/gov/mogaha/ntis/web/emwp/cns/action/EmwpCnslWebAction.do?method=selectCnslWebPage&menu_id=EMWPCnslWebInqL&jndinm=EmwpCnslWebEJB&methodnm=selectCnslWebPage&context=NTIS&bbs_se=301,2,461,2018.7.21,2020-07-01 13:01:08.605741,
217,청도군,경상북도,기초자치단체,55:26.0,00:51.0,http://eminwon.cd.go.kr/emwp/gov/mogaha/ntis/web/emwp/cns/action/EmwpCnslWebAction.do?method=selectCnslWebPage&menu_id=EMWPCnslWebInqL&jndinm=EmwpCnslWebEJB&methodnm=selectCnslWebPage&context=NTIS&bbs_se=301,2,594,2016.11.30,2020-07-01 13:01:13.541400,
218,고령군,경상북도,기초자치단체,55:27.0,00:51.0,http://eminwon.goryeong.go.kr/emwp/gov/mogaha/ntis/web/emwp/cns/action/EmwpCnslWebAction.do?method=selectCnslWebPage&menu_id=EMWPCnslWebInqL&jndinm=EmwpCnslWebEJB&methodnm=selectCnslWebPage&context=NTIS&bbs_se=301,2,240,2016.11.29,2020-07-01 13:01:17.895036,
219,성주군,경상북도,기초자치단체,55:27.0,00:51.0,http://eminwon.sj.go.kr/emwp/gov/mogaha/ntis/web/emwp/cns/action/EmwpCnslWebAction.do?method=selectCnslWebPage&menu_id=EMWPCnslWebInqL&jndinm=EmwpCnslWebEJB&methodnm=selectCnslWebPage&context=NTIS&bbs_se=301,2,521,2016.11.23,2020-07-01 13:01:21.624707,
220,칠곡군,경상북도,기초자치단체,55:27.0,00:51.0,http://eminwon.chilgok.go.kr/emwp/gov/mogaha/ntis/web/emwp/cns/action/EmwpCnslWebAction.do?method=selectCnslWebPage&menu_id=EMWPCnslWebInqL&jndinm=EmwpCnslWebEJB&methodnm=selectCnslWebPage&context=NTIS&bbs_se=301,2,2817,2016.12.13,2020-07-01 13:01:26.654136,
221,예천군,경상북도,기초자치단체,55:27.0,00:51.0,http://eminwon.yecheon.go.kr/emwp/gov/mogaha/ntis/web/emwp/cns/action/EmwpCnslWebAction.do?method=selectCnslWebPage&menu_id=EMWPCnslWebInqL&jndinm=EmwpCnslWebEJB&methodnm=selectCnslWebPage&context=NTIS&bbs_se=301,2,213,2016.8.17,2020-07-01 13:01:30.502550,
222,봉화군,경상북도,기초자치단체,55:27.0,00:51.0,http://eminwon.bonghwa.go.kr/emwp/gov/mogaha/ntis/web/emwp/cns/action/EmwpCnslWebAction.do?method=selectCnslWebPage&menu_id=EMWPCnslWebInqL&jndinm=EmwpCnslWebEJB&methodnm=selectCnslWebPage&context=NTIS&bbs_se=301,2,685,2016.11.23,2020-07-01 13:01:34.292477,
223,울진군,경상북도,기초자치단체,55:27.0,00:51.0,http://eminwon.uljin.go.kr/emwp/gov/mogaha/ntis/web/emwp/cns/action/EmwpCnslWebAction.do?method=selectCnslWebPage&menu_id=EMWPCnslWebInqL&jndinm=EmwpCnslWebEJB&methodnm=selectCnslWebPage&context=NTIS&bbs_se=301,2,663,2016.12.12,2020-07-01 13:01:38.513082,
224,울릉군,경상북도,기초자치단체,55:27.0,00:51.0,http://eminwon.ulleung.go.kr/emwp/gov/mogaha/ntis/web/emwp/cns/action/EmwpCnslWebAction.do?method=selectCnslWebPage&menu_id=EMWPCnslWebInqL&jndinm=EmwpCnslWebEJB&methodnm=selectCnslWebPage&context=NTIS&bbs_se=301,2,110,2016.11.22,2020-07-01 13:01:42.227481,
225,창원시,경상남도,기초자치단체,55:27.0,00:51.0,http://eminwon.changwon.go.kr/emwp/gov/mogaha/ntis/web/emwp/cns/action/EmwpCnslWebAction.do?method=selectCnslWebPage&menu_id=EMWPCnslWebInqL&jndinm=EmwpCnslWebEJB&methodnm=selectCnslWebPage&context=NTIS&bbs_se=301,2,9625,2017.12.3,2020-07-01 13:01:46.134944,
226,진주시,경상남도,기초자치단체,55:27.0,00:51.0,http://eminwon.jinju.go.kr/emwp/gov/mogaha/ntis/web/emwp/cns/action/EmwpCnslWebAction.do?method=selectCnslWebPage&menu_id=EMWPCnslWebInqL&jndinm=EmwpCnslWebEJB&methodnm=selectCnslWebPage&context=NTIS&bbs_se=301,2,4331,2017.10.19,2020-07-01 13:01:51.257457,
227,통영시,경상남도,기초자치단체,55:27.0,00:51.0,http://eminwon.tongyeong.go.kr/emwp/gov/mogaha/ntis/web/emwp/cns/action/EmwpCnslWebAction.do?method=selectCnslWebPage&menu_id=EMWPCnslWebInqL&jndinm=EmwpCnslWebEJB&methodnm=selectCnslWebPage&context=NTIS&bbs_se=301,2,1470,2017.11.27,2020-07-01 13:01:55.641676,
228,사천시,경상남도,기초자치단체,55:27.0,00:51.0,http://eminwon.sacheon.go.kr/emwp/gov/mogaha/ntis/web/emwp/cns/action/EmwpCnslWebAction.do?method=selectCnslWebPage&menu_id=EMWPCnslWebInqL&jndinm=EmwpCnslWebEJB&methodnm=selectCnslWebPage&context=NTIS&bbs_se=301,2,1299,2017.6.22,2020-07-01 13:01:58.894457,
229,김해시,경상남도,기초자치단체,55:27.0,00:51.0,http://eminwon.gimhae.go.kr/emwp/gov/mogaha/ntis/web/emwp/cns/action/EmwpCnslWebAction.do?method=selectCnslWebPage&menu_id=EMWPCnslWebInqL&jndinm=EmwpCnslWebEJB&methodnm=selectCnslWebPage&context=NTIS&bbs_se=301,2,6946,2017.12.22,2020-07-01 13:02:05.800083,
230,밀양시,경상남도,기초자치단체,55:27.0,00:51.0,http://eminwon.miryang.go.kr/emwp/gov/mogaha/ntis/web/emwp/cns/action/EmwpCnslWebAction.do?method=selectCnslWebPage&menu_id=EMWPCnslWebInqL&jndinm=EmwpCnslWebEJB&methodnm=selectCnslWebPage&context=NTIS&bbs_se=301,2,2021,2017.5.27,2020-07-01 13:02:09.701255,
231,거제시,경상남도,기초자치단체,55:27.0,00:51.0,http://eminwon.geoje.go.kr/emwp/gov/mogaha/ntis/web/emwp/cns/action/EmwpCnslWebAction.do?method=selectCnslWebPage&menu_id=EMWPCnslWebInqL&jndinm=EmwpCnslWebEJB&methodnm=selectCnslWebPage&context=NTIS&bbs_se=301,2,909,2017.7.17,2020-07-01 13:02:14.627027,
232,양산시,경상남도,기초자치단체,55:27.0,00:51.0,http://eminwon.yangsan.go.kr/emwp/gov/mogaha/ntis/web/emwp/cns/action/EmwpCnslWebAction.do?method=selectCnslWebPage&menu_id=EMWPCnslWebInqL&jndinm=EmwpCnslWebEJB&methodnm=selectCnslWebPage&context=NTIS&bbs_se=301,2,8561,2017.7.4,2020-07-01 13:02:18.164471,
233,의령군,경상남도,기초자치단체,55:27.0,00:51.0,http://eminwon.uiryeong.go.kr/emwp/gov/mogaha/ntis/web/emwp/cns/action/EmwpCnslWebAction.do?method=selectCnslWebPage&menu_id=EMWPCnslWebInqL&jndinm=EmwpCnslWebEJB&methodnm=selectCnslWebPage&context=NTIS&bbs_se=301,2,809,2017.7.11,2020-07-01 13:02:21.662079,
234,함안군,경상남도,기초자치단체,55:27.0,00:51.0,http://eminwon.haman.go.kr/emwp/gov/mogaha/ntis/web/emwp/cns/action/EmwpCnslWebAction.do?method=selectCnslWebPage&menu_id=EMWPCnslWebInqL&jndinm=EmwpCnslWebEJB&methodnm=selectCnslWebPage&context=NTIS&bbs_se=301,2,1675,2017.12.6,2020-07-01 13:02:25.742490,
235,창녕군,경상남도,기초자치단체,55:27.0,00:51.0,http://eminwon.cng.go.kr/emwp/gov/mogaha/ntis/web/emwp/cns/action/EmwpCnslWebAction.do?method=selectCnslWebPage&menu_id=EMWPCnslWebInqL&jndinm=EmwpCnslWebEJB&methodnm=selectCnslWebPage&context=NTIS&bbs_se=301,2,960,2017.2.27,2020-07-01 13:02:30.217400,
236,고성군,경상남도,기초자치단체,55:27.0,00:51.0,http://eminwon.goseong.go.kr/emwp/gov/mogaha/ntis/web/emwp/cns/action/EmwpCnslWebAction.do?method=selectCnslWebPage&menu_id=EMWPCnslWebInqL&jndinm=EmwpCnslWebEJB&methodnm=selectCnslWebPage&context=NTIS&bbs_se=301,2,905,2017.8.22,2020-07-01 13:02:33.886936,
237,남해군,경상남도,기초자치단체,55:27.0,00:51.0,http://eminwon.namhae.go.kr/emwp/gov/mogaha/ntis/web/emwp/cns/action/EmwpCnslWebAction.do?method=selectCnslWebPage&menu_id=EMWPCnslWebInqL&jndinm=EmwpCnslWebEJB&methodnm=selectCnslWebPage&context=NTIS&bbs_se=301,2,456,2017.6.28,2020-07-01 13:02:37.580638,
238,하동군,경상남도,기초자치단체,55:27.0,00:51.0,http://eminwon.hadong.go.kr/emwp/gov/mogaha/ntis/web/emwp/cns/action/EmwpCnslWebAction.do?method=selectCnslWebPage&menu_id=EMWPCnslWebInqL&jndinm=EmwpCnslWebEJB&methodnm=selectCnslWebPage&context=NTIS&bbs_se=301,2,558,2017.6.30,2020-07-01 13:02:40.612988,
239,산청군,경상남도,기초자치단체,55:27.0,00:51.0,http://eminwon.sancheong.go.kr/emwp/gov/mogaha/ntis/web/emwp/cns/action/EmwpCnslWebAction.do?method=selectCnslWebPage&menu_id=EMWPCnslWebInqL&jndinm=EmwpCnslWebEJB&methodnm=selectCnslWebPage&context=NTIS&bbs_se=301,2,582,2017.8.28,2020-07-01 13:02:43.842276,
240,함양군,경상남도,기초자치단체,55:27.0,00:51.0,http://eminwon.hygn.go.kr/emwp/gov/mogaha/ntis/web/emwp/cns/action/EmwpCnslWebAction.do?method=selectCnslWebPage&menu_id=EMWPCnslWebInqL&jndinm=EmwpCnslWebEJB&methodnm=selectCnslWebPage&context=NTIS&bbs_se=301,2,639,2017.10.11,2020-07-01 13:03:33.084429,
241,거창군,경상남도,기초자치단체,55:27.0,00:51.0,http://eminwon.geochang.go.kr/emwp/gov/mogaha/ntis/web/emwp/cns/action/EmwpCnslWebAction.do?method=selectCnslWebPage&menu_id=EMWPCnslWebInqL&jndinm=EmwpCnslWebEJB&methodnm=selectCnslWebPage&context=NTIS&bbs_se=301,2,2024,2017.12.18,2020-07-01 13:03:37.033702,
242,합천군,경상남도,기초자치단체,55:27.0,00:51.0,http://eminwon.hc.go.kr/emwp/gov/mogaha/ntis/web/emwp/cns/action/EmwpCnslWebAction.do?method=selectCnslWebPage&menu_id=EMWPCnslWebInqL&jndinm=EmwpCnslWebEJB&methodnm=selectCnslWebPage&context=NTIS&bbs_se=301,2,734,2017.5.26,2020-07-01 13:03:40.317391,
243,제주시,제주특별자치도,기초자치단체,55:27.0,00:51.0,http://eminwon.jejusi.go.kr/emwp/gov/mogaha/ntis/web/emwp/cns/action/EmwpCnslWebAction.do?method=selectCnslWebPage&menu_id=EMWPCnslWebInqL&jndinm=EmwpCnslWebEJB&methodnm=selectCnslWebPage&context=NTIS&bbs_se=301,2,288,2017.4.18,2020-07-01 13:04:51.261800,
244,서귀포시,제주특별자치도,기초자치단체,55:27.0,00:50.0,http://eminwon.seogwipo.go.kr/emwp/gov/mogaha/ntis/web/emwp/cns/action/EmwpCnslWebAction.do?method=selectCnslWebPage&menu_id=EMWPCnslWebInqL&jndinm=EmwpCnslWebEJB&methodnm=selectCnslWebPage&context=NTIS&bbs_se=301,2,376,2017.4.13,2020-07-01 13:04:56.077688,
245,서울,특별시,광역자치단체,55:27.0,00:50.0,,,,,,